test_0.jpg,8
test_1.jpg,8
test_10.jpg,10
test_100.jpg,7
test_1000.jpg,52
test_1001.jpg,14
test_1002.jpg,44
test_1003.jpg,3
test_1004.jpg,8
test_1005.jpg,54
test_1006.jpg,52
test_1007.jpg,31
test_1008.jpg,8
test_1009.jpg,44
test_101.jpg,24
test_1010.jpg,42
test_1011.jpg,20
test_1012.jpg,24
test_1013.jpg,24
test_1014.jpg,52
test_1015.jpg,33
test_1016.jpg,11
test_1017.jpg,3
test_1018.jpg,8
test_1019.jpg,11
test_102.jpg,25
test_1020.jpg,40
test_1021.jpg,28
test_1022.jpg,14
test_1023.jpg,25
test_1024.jpg,13
test_1025.jpg,20
test_1026.jpg,25
test_1027.jpg,0
test_1028.jpg,11
test_1029.jpg,22
test_103.jpg,31
test_1030.jpg,42
test_1031.jpg,8
test_1032.jpg,10
test_1033.jpg,3
test_1034.jpg,11
test_1035.jpg,33
test_1036.jpg,42
test_1037.jpg,44
test_1038.jpg,31
test_1039.jpg,14
test_104.jpg,24
test_1040.jpg,25
test_1041.jpg,44
test_1042.jpg,0
test_1043.jpg,41
test_1044.jpg,44
test_1045.jpg,7
test_1046.jpg,28
test_1047.jpg,26
test_1048.jpg,24
test_1049.jpg,13
test_105.jpg,0
test_1050.jpg,25
test_1051.jpg,3
test_1052.jpg,25
test_1053.jpg,26
test_1054.jpg,31
test_1055.jpg,31
test_1056.jpg,4
test_1057.jpg,0
test_1058.jpg,3
test_1059.jpg,12
test_106.jpg,42
test_1060.jpg,0
test_1061.jpg,5
test_1062.jpg,33
test_1063.jpg,13
test_1064.jpg,25
test_1065.jpg,3
test_1066.jpg,3
test_1067.jpg,8
test_1068.jpg,13
test_1069.jpg,25
test_107.jpg,44
test_1070.jpg,26
test_1071.jpg,8
test_1072.jpg,52
test_1073.jpg,31
test_1074.jpg,31
test_1075.jpg,3
test_1076.jpg,17
test_1077.jpg,0
test_1078.jpg,36
test_1079.jpg,7
test_108.jpg,27
test_1080.jpg,42
test_1081.jpg,25
test_1082.jpg,36
test_1083.jpg,3
test_1084.jpg,5
test_1085.jpg,28
test_1086.jpg,11
test_1087.jpg,11
test_1088.jpg,44
test_1089.jpg,31
test_109.jpg,3
test_1090.jpg,1
test_1091.jpg,31
test_1092.jpg,3
test_1093.jpg,41
test_1094.jpg,7
test_1095.jpg,25
test_1096.jpg,8
test_1097.jpg,17
test_1098.jpg,12
test_1099.jpg,5
test_11.jpg,11
test_110.jpg,18
test_1100.jpg,0
test_1101.jpg,19
test_1102.jpg,31
test_1103.jpg,13
test_1104.jpg,31
test_1105.jpg,24
test_1106.jpg,1
test_1107.jpg,53
test_1108.jpg,40
test_1109.jpg,31
test_111.jpg,17
test_1110.jpg,8
test_1111.jpg,40
test_1112.jpg,24
test_1113.jpg,1
test_1114.jpg,22
test_1115.jpg,8
test_1116.jpg,8
test_1117.jpg,8
test_1118.jpg,0
test_1119.jpg,31
test_112.jpg,8
test_1120.jpg,41
test_1121.jpg,25
test_1122.jpg,3
test_1123.jpg,31
test_1124.jpg,7
test_1125.jpg,0
test_1126.jpg,12
test_1127.jpg,14
test_1128.jpg,17
test_1129.jpg,52
test_113.jpg,31
test_1130.jpg,0
test_1131.jpg,26
test_1132.jpg,26
test_1133.jpg,13
test_1134.jpg,54
test_1135.jpg,8
test_1136.jpg,14
test_1137.jpg,25
test_1138.jpg,8
test_1139.jpg,8
test_114.jpg,25
test_1140.jpg,39
test_1141.jpg,30
test_1142.jpg,48
test_1143.jpg,44
test_1144.jpg,10
test_1145.jpg,40
test_1146.jpg,31
test_1147.jpg,51
test_1148.jpg,0
test_1149.jpg,0
test_115.jpg,22
test_1150.jpg,42
test_1151.jpg,12
test_1152.jpg,17
test_1153.jpg,44
test_1154.jpg,8
test_1155.jpg,8
test_1156.jpg,12
test_1157.jpg,40
test_1158.jpg,3
test_1159.jpg,10
test_116.jpg,11
test_1160.jpg,21
test_1161.jpg,27
test_1162.jpg,10
test_1163.jpg,40
test_1164.jpg,24
test_1165.jpg,11
test_1166.jpg,13
test_1167.jpg,3
test_1168.jpg,31
test_1169.jpg,31
test_117.jpg,24
test_1170.jpg,22
test_1171.jpg,25
test_1172.jpg,42
test_1173.jpg,21
test_1174.jpg,7
test_1175.jpg,24
test_1176.jpg,24
test_1177.jpg,31
test_1178.jpg,25
test_1179.jpg,34
test_118.jpg,11
test_1180.jpg,1
test_1181.jpg,42
test_1182.jpg,13
test_1183.jpg,42
test_1184.jpg,24
test_1185.jpg,31
test_1186.jpg,8
test_1187.jpg,3
test_1188.jpg,25
test_1189.jpg,0
test_119.jpg,2
test_1190.jpg,44
test_1191.jpg,0
test_1192.jpg,7
test_1193.jpg,31
test_1194.jpg,3
test_1195.jpg,52
test_1196.jpg,2
test_1197.jpg,27
test_1198.jpg,41
test_1199.jpg,11
test_12.jpg,31
test_120.jpg,42
test_1200.jpg,8
test_1201.jpg,41
test_1202.jpg,31
test_1203.jpg,30
test_1204.jpg,10
test_1205.jpg,14
test_1206.jpg,25
test_1207.jpg,25
test_1208.jpg,10
test_1209.jpg,41
test_121.jpg,12
test_1210.jpg,6
test_1211.jpg,33
test_1212.jpg,8
test_1213.jpg,1
test_1214.jpg,20
test_1215.jpg,0
test_1216.jpg,52
test_1217.jpg,42
test_1218.jpg,3
test_1219.jpg,8
test_122.jpg,25
test_1220.jpg,28
test_1221.jpg,44
test_1222.jpeg,20
test_1223.jpg,7
test_1224.jpg,1
test_1225.jpg,28
test_1226.jpg,31
test_1227.jpg,8
test_1228.jpg,31
test_1229.jpg,20
test_123.jpg,25
test_1230.jpg,44
test_1231.jpg,30
test_1232.jpg,24
test_1233.jpg,3
test_1234.jpg,25
test_1235.jpg,20
test_1236.jpg,33
test_1237.jpg,11
test_1238.jpg,11
test_1239.jpg,47
test_124.jpeg,36
test_1240.jpeg,17
test_1241.jpg,34
test_1242.jpg,11
test_1243.jpg,10
test_1244.jpg,12
test_1245.jpg,28
test_1246.jpg,3
test_1247.jpg,3
test_1248.jpg,31
test_1249.jpg,31
test_125.jpg,0
test_1250.jpg,1
test_1251.jpg,24
test_1252.jpg,31
test_1253.jpg,1
test_1254.jpg,33
test_1255.jpg,28
test_1256.jpg,3
test_1257.jpg,30
test_1258.jpg,26
test_1259.jpg,17
test_126.jpg,2
test_1260.jpg,5
test_1261.jpg,41
test_1262.jpg,13
test_1263.jpg,12
test_1264.jpg,38
test_1265.jpg,2
test_1266.jpg,9
test_1267.jpg,40
test_1268.jpg,2
test_1269.jpg,31
test_127.jpg,3
test_1270.jpg,31
test_1271.jpg,12
test_1272.jpg,12
test_1273.jpg,40
test_1274.jpg,26
test_1275.jpg,11
test_1276.jpg,42
test_1277.jpg,42
test_1278.jpg,0
test_1279.jpg,25
test_128.jpg,25
test_1280.jpg,34
test_1281.jpg,54
test_1282.jpg,21
test_1283.jpg,6
test_1284.jpg,8
test_1285.jpg,31
test_1286.jpg,31
test_1287.jpg,32
test_1288.jpg,20
test_1289.jpg,3
test_129.jpg,3
test_1290.jpg,8
test_1291.jpg,35
test_1292.jpg,38
test_1293.jpg,0
test_1294.jpg,27
test_1295.jpg,21
test_1296.jpg,40
test_1297.jpg,12
test_1298.jpg,5
test_1299.jpg,33
test_13.jpg,17
test_130.jpg,25
test_1300.jpg,8
test_1301.jpg,5
test_1302.jpg,25
test_1303.jpg,33
test_1304.jpg,18
test_1305.jpg,34
test_1306.jpg,31
test_1307.jpg,0
test_1308.jpg,14
test_1309.jpg,31
test_131.jpg,33
test_1310.jpg,52
test_1311.jpg,2
test_1312.jpg,34
test_1313.jpg,24
test_1314.jpg,24
test_1315.jpg,24
test_1316.jpg,16
test_1317.jpg,43
test_1318.jpg,32
test_1319.jpg,31
test_132.jpg,48
test_1320.jpg,31
test_1321.jpg,17
test_1322.jpg,1
test_1323.jpg,50
test_1324.jpg,31
test_1325.jpg,20
test_1326.jpg,44
test_1327.jpg,0
test_1328.jpg,31
test_1329.jpg,24
test_133.jpg,20
test_1330.jpg,25
test_1331.jpg,21
test_1332.jpg,24
test_1333.jpg,0
test_1334.jpg,17
test_1335.jpg,8
test_1336.jpg,11
test_1337.jpg,25
test_1338.jpg,44
test_1339.jpg,25
test_134.jpg,52
test_1340.jpg,22
test_1341.jpg,31
test_1342.jpg,47
test_1343.jpg,5
test_1344.jpg,31
test_1345.jpg,48
test_1346.jpg,17
test_1347.jpg,3
test_1348.jpg,47
test_1349.jpg,11
test_135.jpg,8
test_1350.jpg,27
test_1351.jpg,11
test_1352.jpg,21
test_1353.jpg,42
test_1354.jpg,26
test_1355.jpg,1
test_1356.jpg,6
test_1357.jpg,48
test_1358.jpg,0
test_1359.jpg,8
test_136.jpg,13
test_1360.jpg,8
test_1361.jpg,11
test_1362.jpg,44
test_1363.jpg,28
test_1364.jpg,0
test_1365.jpg,30
test_1366.jpg,24
test_1367.jpg,48
test_1368.jpg,31
test_1369.jpg,13
test_137.jpg,24
test_1370.jpg,5
test_1371.jpg,42
test_1372.jpg,36
test_1373.jpg,52
test_1374.jpg,8
test_1375.jpg,44
test_1376.jpg,19
test_1377.jpg,42
test_1378.jpg,27
test_1379.jpg,3
test_138.jpg,31
test_1380.jpg,8
test_1381.jpg,32
test_1382.jpg,32
test_1383.jpg,17
test_1384.jpg,3
test_1385.jpg,20
test_1386.jpg,52
test_1387.jpg,11
test_1388.jpg,8
test_1389.jpg,11
test_139.jpg,31
test_1390.jpg,42
test_1391.jpg,52
test_1392.jpg,48
test_1393.jpg,25
test_1394.jpg,27
test_1395.jpg,10
test_1396.jpg,44
test_1397.jpg,14
test_1398.jpg,40
test_1399.jpg,31
test_14.jpg,11
test_140.jpg,34
test_1400.jpg,25
test_1401.jpg,0
test_1402.jpg,0
test_1403.jpg,20
test_1404.jpg,25
test_1405.jpg,3
test_1406.jpg,11
test_1407.jpg,47
test_1408.jpg,17
test_1409.jpg,8
test_141.jpg,45
test_1410.jpg,30
test_1411.jpg,8
test_1412.jpg,40
test_1413.jpg,44
test_1414.jpg,42
test_1415.jpg,12
test_1416.jpeg,51
test_1417.jpg,26
test_1418.jpg,2
test_1419.jpg,48
test_142.jpg,11
test_1420.jpg,8
test_1421.jpg,31
test_1422.jpg,11
test_1423.jpg,10
test_1424.jpg,8
test_1425.jpg,11
test_1426.jpg,51
test_1427.jpg,40
test_1428.jpg,5
test_1429.jpeg,30
test_143.jpg,44
test_1430.jpg,31
test_1431.jpg,33
test_1432.jpg,42
test_1433.jpg,52
test_1434.jpg,13
test_1435.jpg,48
test_1436.jpg,42
test_1437.jpg,26
test_1438.jpg,0
test_1439.jpg,17
test_144.jpg,11
test_1440.jpg,53
test_1441.jpg,8
test_1442.jpg,6
test_1443.jpg,10
test_1444.jpg,37
test_1445.jpg,9
test_1446.jpg,11
test_1447.jpg,24
test_1448.jpg,12
test_1449.jpg,35
test_145.jpg,20
test_1450.jpg,3
test_1451.jpg,11
test_1452.jpg,17
test_1453.jpg,27
test_1454.jpg,9
test_1455.jpg,31
test_1456.jpg,3
test_1457.jpg,4
test_1458.jpg,51
test_1459.jpg,8
test_146.jpg,11
test_1460.jpg,31
test_1461.jpg,8
test_1462.jpg,23
test_1463.jpg,42
test_1464.jpg,25
test_1465.jpg,30
test_1466.jpg,27
test_1467.jpeg,3
test_1468.jpg,24
test_1469.jpg,31
test_147.jpg,20
test_1470.jpg,17
test_1471.jpg,24
test_1472.jpg,3
test_1473.jpg,25
test_1474.jpg,25
test_1475.jpg,13
test_1476.jpg,44
test_1477.jpg,45
test_1478.jpg,47
test_1479.jpg,17
test_148.jpg,8
test_1480.jpg,31
test_1481.jpg,47
test_1482.jpg,25
test_1483.jpg,33
test_1484.jpg,7
test_1485.jpg,12
test_1486.jpg,24
test_1487.jpg,31
test_1488.jpg,10
test_1489.jpg,26
test_149.jpg,39
test_1490.jpg,17
test_1491.jpg,13
test_1492.jpg,24
test_1493.jpg,0
test_1494.jpg,13
test_1495.jpg,28
test_1496.jpg,52
test_1497.jpg,22
test_1498.jpg,14
test_1499.jpg,44
test_15.jpg,39
test_150.jpg,32
test_1500.jpg,52
test_1501.jpg,20
test_1502.jpg,25
test_1503.jpg,18
test_1504.jpg,41
test_1505.jpg,0
test_1506.jpg,11
test_1507.jpg,3
test_1508.jpg,8
test_1509.jpg,8
test_151.jpg,11
test_1510.jpg,25
test_1511.jpg,24
test_1512.jpg,41
test_1513.jpg,3
test_1514.jpg,8
test_1515.jpg,31
test_1516.jpg,28
test_1517.jpg,44
test_1518.jpg,42
test_1519.jpg,25
test_152.jpg,22
test_1520.jpg,42
test_1521.jpg,13
test_1522.jpg,40
test_1523.jpg,17
test_1524.jpg,41
test_1525.jpg,42
test_1526.jpg,31
test_1527.jpg,40
test_1528.jpg,26
test_1529.jpg,27
test_153.jpg,40
test_1530.jpg,24
test_1531.jpg,25
test_1532.jpg,16
test_1533.jpg,46
test_1534.jpg,5
test_1535.jpg,45
test_1536.jpg,3
test_1537.jpg,27
test_1538.jpg,42
test_1539.jpg,47
test_154.jpg,52
test_1540.jpg,0
test_1541.jpg,39
test_1542.jpg,38
test_1543.jpg,31
test_1544.jpg,31
test_1545.jpg,3
test_1546.jpg,24
test_1547.jpg,25
test_1548.jpg,20
test_1549.jpg,14
test_155.jpg,0
test_1550.jpg,31
test_1551.jpg,17
test_1552.jpg,31
test_1553.jpg,11
test_1554.jpg,45
test_1555.jpg,22
test_1556.jpg,3
test_1557.jpg,48
test_1558.jpg,24
test_1559.jpg,11
test_156.jpg,26
test_1560.jpg,44
test_1561.jpg,8
test_1562.jpg,11
test_1563.jpg,31
test_1564.jpg,31
test_1565.jpg,47
test_1566.jpg,31
test_1567.jpg,22
test_1568.jpg,16
test_1569.jpg,27
test_157.jpg,13
test_1570.jpg,10
test_1571.jpg,29
test_1572.jpg,27
test_1573.jpg,39
test_1574.jpg,25
test_1575.jpg,17
test_1576.jpg,13
test_1577.jpg,42
test_1578.jpg,44
test_1579.jpg,1
test_158.jpg,42
test_1580.jpg,22
test_1581.jpg,47
test_1582.jpg,11
test_1583.jpg,30
test_1584.jpg,3
test_1585.jpg,44
test_1586.jpg,36
test_1587.jpg,24
test_1588.jpg,30
test_1589.jpg,13
test_159.jpg,31
test_1590.jpg,1
test_1591.jpg,42
test_1592.jpg,34
test_1593.jpg,3
test_1594.jpg,20
test_1595.jpg,0
test_1596.jpg,33
test_1597.jpg,28
test_1598.jpg,0
test_1599.jpg,0
test_16.jpg,31
test_160.jpg,3
test_1600.jpg,28
test_1601.jpg,24
test_1602.jpg,30
test_1603.jpg,8
test_1604.jpg,16
test_1605.jpg,28
test_1606.jpg,34
test_1607.jpg,44
test_1608.jpg,9
test_1609.jpg,32
test_161.jpg,13
test_1610.jpg,8
test_1611.jpg,35
test_1612.jpg,41
test_1613.jpg,24
test_1614.jpg,31
test_1615.jpg,42
test_1616.jpg,24
test_1617.jpg,20
test_1618.jpg,41
test_1619.jpg,44
test_162.jpg,47
test_1620.jpg,22
test_1621.jpg,8
test_1622.jpg,30
test_1623.jpg,13
test_1624.jpg,0
test_1625.jpg,31
test_1626.jpg,17
test_1627.jpg,39
test_1628.jpg,40
test_1629.jpg,52
test_163.jpg,2
test_1630.jpg,24
test_1631.jpg,18
test_1632.jpg,42
test_1633.jpg,3
test_1634.jpg,13
test_1635.jpg,42
test_1636.jpg,44
test_1637.jpg,25
test_1638.jpg,1
test_1639.jpg,51
test_164.jpg,27
test_1640.jpg,3
test_1641.jpg,47
test_1642.jpg,41
test_1643.jpg,31
test_1644.jpg,50
test_1645.jpg,40
test_1646.jpg,14
test_1647.jpg,2
test_1648.jpg,33
test_1649.jpg,20
test_165.jpg,48
test_1650.jpg,36
test_1651.jpg,46
test_1652.jpg,25
test_1653.jpg,31
test_1654.jpg,3
test_1655.jpg,10
test_1656.jpg,31
test_1657.jpg,31
test_1658.jpg,44
test_1659.jpg,25
test_166.jpg,8
test_1660.jpg,30
test_1661.jpg,0
test_1662.jpg,1
test_1663.jpg,8
test_1664.jpg,44
test_1665.jpg,19
test_1666.jpg,40
test_1667.jpg,13
test_1668.jpg,31
test_1669.jpg,40
test_167.jpg,14
test_1670.jpg,32
test_1671.jpg,24
test_1672.jpg,31
test_1673.jpg,42
test_1674.jpg,47
test_1675.jpg,8
test_1676.jpg,40
test_1677.jpg,12
test_1678.jpg,42
test_1679.jpg,18
test_168.jpg,44
test_1680.jpg,11
test_1681.jpg,3
test_1682.jpg,52
test_1683.jpg,11
test_1684.jpg,17
test_1685.jpg,25
test_1686.jpg,41
test_1687.jpg,20
test_1688.jpg,20
test_1689.jpg,13
test_169.jpg,20
test_1690.jpg,0
test_1691.jpg,3
test_1692.jpg,31
test_1693.jpg,44
test_1694.jpg,42
test_1695.jpg,6
test_1696.jpg,0
test_1697.jpg,47
test_1698.jpg,25
test_1699.jpg,27
test_17.jpg,47
test_170.jpg,37
test_1700.jpg,11
test_1701.jpg,11
test_1702.jpg,16
test_1703.jpg,44
test_1704.jpg,22
test_1705.jpg,40
test_1706.jpg,31
test_1707.jpg,44
test_1708.jpg,40
test_1709.jpg,52
test_171.jpg,25
test_1710.jpg,53
test_1711.jpg,44
test_1712.jpg,20
test_1713.jpg,25
test_1714.jpg,24
test_1715.jpg,8
test_1716.jpg,44
test_1717.jpg,0
test_1718.jpg,49
test_1719.jpg,7
test_172.jpg,8
test_1720.jpg,11
test_1721.jpg,17
test_1722.jpg,0
test_1723.jpg,40
test_1724.jpg,0
test_1725.jpg,2
test_1726.jpg,20
test_1727.jpg,28
test_1728.jpg,10
test_1729.jpg,8
test_173.jpg,40
test_1730.jpg,50
test_1731.jpg,42
test_1732.jpg,27
test_1733.jpg,31
test_1734.jpg,20
test_1735.jpg,44
test_1736.jpg,2
test_1737.jpg,47
test_1738.jpg,0
test_1739.jpg,45
test_174.jpg,40
test_1740.jpg,22
test_1741.jpg,8
test_1742.jpg,25
test_1743.jpg,44
test_1744.jpg,11
test_1745.jpg,28
test_1746.jpg,47
test_1747.jpg,30
test_1748.jpg,31
test_1749.jpg,31
test_175.jpg,12
test_1750.jpg,35
test_1751.jpg,47
test_1752.jpg,0
test_1753.jpg,52
test_1754.jpg,31
test_1755.jpg,30
test_1756.jpg,36
test_1757.jpg,28
test_1758.jpg,30
test_1759.jpg,8
test_176.jpg,41
test_1760.jpg,8
test_1761.jpg,3
test_1762.jpg,41
test_1763.jpg,9
test_1764.jpg,0
test_1765.jpg,31
test_1766.jpg,47
test_1767.jpg,25
test_1768.jpg,16
test_1769.jpg,2
test_177.jpg,17
test_1770.jpg,5
test_1771.jpg,39
test_1772.jpg,13
test_1773.jpg,10
test_1774.jpg,31
test_1775.jpg,40
test_1776.jpg,53
test_1777.jpg,14
test_1778.jpg,20
test_1779.jpg,20
test_178.jpg,24
test_1780.jpg,2
test_1781.jpg,21
test_1782.jpg,27
test_1783.jpg,44
test_1784.jpg,26
test_1785.jpg,40
test_1786.jpg,27
test_1787.jpg,17
test_1788.jpg,42
test_1789.jpg,33
test_179.jpg,21
test_1790.jpg,28
test_1791.jpg,6
test_1792.jpg,8
test_1793.jpg,5
test_1794.jpg,31
test_1795.jpg,12
test_1796.jpg,30
test_1797.jpg,46
test_1798.jpg,0
test_1799.jpg,42
test_18.jpg,3
test_180.jpg,42
test_1800.jpg,8
test_1801.jpg,40
test_1802.jpg,14
test_1803.jpg,1
test_1804.jpg,45
test_1805.jpg,17
test_1806.jpg,12
test_1807.jpg,42
test_1808.jpg,25
test_1809.jpg,3
test_181.jpg,24
test_1810.jpg,21
test_1811.jpg,25
test_1812.jpg,5
test_1813.jpg,50
test_1814.jpg,40
test_1815.jpg,42
test_1816.jpg,25
test_1817.jpg,52
test_1818.jpg,41
test_1819.jpg,12
test_182.jpg,8
test_1820.jpg,25
test_1821.jpg,28
test_1822.jpg,8
test_1823.jpg,51
test_1824.jpg,0
test_1825.jpg,11
test_1826.jpg,20
test_1827.jpg,0
test_1828.jpg,3
test_1829.jpg,22
test_183.jpg,24
test_1830.jpg,0
test_1831.jpg,8
test_1832.jpg,26
test_1833.jpg,31
test_1834.jpg,11
test_1835.jpg,26
test_1836.jpg,8
test_1837.jpg,39
test_1838.jpg,31
test_1839.jpg,42
test_184.jpg,43
test_1840.jpg,26
test_1841.jpg,43
test_1842.jpg,42
test_1843.jpg,19
test_1844.jpg,11
test_1845.jpg,24
test_1846.jpg,0
test_1847.jpg,44
test_1848.jpg,31
test_1849.jpg,24
test_185.jpg,3
test_1850.jpg,52
test_1851.jpg,51
test_1852.jpg,25
test_1853.jpg,26
test_1854.jpg,17
test_1855.jpg,11
test_1856.jpg,5
test_1857.jpg,27
test_1858.jpg,21
test_1859.jpg,17
test_186.jpg,7
test_1860.jpg,31
test_1861.jpg,33
test_1862.jpg,22
test_1863.jpg,12
test_1864.jpg,5
test_1865.jpg,31
test_1866.jpg,47
test_1867.jpg,25
test_1868.jpg,31
test_1869.jpg,10
test_187.jpg,1
test_1870.jpg,3
test_1871.jpg,8
test_1872.jpg,28
test_1873.jpg,3
test_1874.jpg,11
test_1875.jpg,0
test_1876.jpg,27
test_1877.jpg,22
test_1878.jpg,16
test_1879.jpg,5
test_188.jpg,11
test_1880.jpg,3
test_1881.jpg,5
test_1882.jpg,13
test_1883.jpg,31
test_1884.jpg,8
test_1885.jpg,22
test_1886.jpg,53
test_1887.jpg,11
test_1888.jpg,6
test_1889.jpg,20
test_189.jpg,11
test_1890.jpg,24
test_1891.jpg,14
test_1892.jpg,11
test_1893.jpg,14
test_1894.jpg,21
test_1895.jpg,0
test_1896.jpg,3
test_1897.jpg,46
test_1898.jpg,3
test_1899.jpg,26
test_19.jpg,52
test_190.jpg,3
test_1900.jpg,0
test_1901.jpg,22
test_1902.jpg,30
test_1903.jpg,11
test_1904.jpg,46
test_1905.jpg,24
test_1906.jpg,24
test_1907.jpg,17
test_1908.jpg,31
test_1909.jpg,40
test_191.jpg,9
test_1910.jpg,25
test_1911.jpg,44
test_1912.jpg,41
test_1913.jpg,42
test_1914.jpg,34
test_1915.jpg,44
test_1916.jpg,14
test_1917.jpg,19
test_1918.jpg,20
test_1919.jpg,52
test_192.jpg,44
test_1920.jpg,40
test_1921.jpg,12
test_1922.jpg,31
test_1923.jpg,28
test_1924.jpg,8
test_1925.jpg,24
test_1926.jpg,35
test_1927.jpg,0
test_1928.jpg,47
test_1929.jpg,11
test_193.jpg,42
test_1930.jpg,13
test_1931.jpg,24
test_1932.jpg,28
test_1933.jpg,3
test_1934.jpg,8
test_1935.jpg,17
test_1936.jpg,8
test_1937.jpg,1
test_1938.jpg,11
test_1939.jpg,51
test_194.jpg,8
test_1940.jpg,44
test_1941.jpg,11
test_1942.jpg,24
test_1943.jpg,0
test_1944.jpg,10
test_1945.jpg,31
test_1946.jpg,8
test_1947.jpg,30
test_1948.jpg,31
test_1949.jpg,42
test_195.jpg,25
test_1950.jpg,26
test_1951.jpg,45
test_1952.jpg,24
test_1953.jpg,11
test_1954.jpg,0
test_1955.jpg,3
test_1956.jpg,8
test_1957.jpg,27
test_1958.jpeg,28
test_1959.jpg,0
test_196.jpg,40
test_1960.jpg,17
test_1961.jpg,44
test_1962.jpg,44
test_1963.jpg,31
test_1964.jpg,0
test_1965.jpg,1
test_1966.jpg,40
test_1967.jpg,14
test_1968.jpg,50
test_1969.jpg,26
test_197.jpg,12
test_1970.jpg,12
test_1971.jpg,44
test_1972.jpg,0
test_1973.jpg,17
test_1974.jpg,11
test_1975.jpg,14
test_1976.jpg,31
test_1977.jpg,40
test_1978.jpg,47
test_1979.jpg,8
test_198.jpg,44
test_1980.jpg,11
test_1981.jpg,11
test_1982.jpg,52
test_1983.jpg,17
test_1984.jpg,20
test_1985.jpg,40
test_1986.jpg,25
test_1987.jpg,20
test_1988.jpg,21
test_1989.jpg,3
test_199.jpg,8
test_1990.jpg,8
test_1991.jpg,7
test_1992.jpg,8
test_1993.jpg,27
test_1994.jpg,11
test_1995.jpg,11
test_1996.jpg,10
test_1997.jpg,41
test_1998.jpg,31
test_1999.jpg,11
test_2.jpg,21
test_20.jpg,39
test_200.jpg,5
test_2000.jpg,27
test_2001.jpg,0
test_2002.jpg,27
test_2003.jpg,25
test_2004.jpg,11
test_2005.jpg,18
test_2006.jpg,24
test_2007.jpg,21
test_2008.jpg,12
test_2009.jpg,17
test_201.jpg,42
test_2010.jpg,12
test_2011.jpg,44
test_2012.jpg,44
test_2013.jpg,2
test_2014.jpg,34
test_2015.jpg,42
test_2016.jpg,6
test_2017.jpg,14
test_2018.jpg,13
test_2019.jpg,12
test_202.jpg,42
test_2020.jpg,42
test_2021.jpg,14
test_2022.jpg,25
test_2023.jpg,27
test_2024.jpg,52
test_2025.jpg,24
test_2026.jpg,2
test_2027.jpg,44
test_2028.jpg,8
test_2029.jpg,20
test_203.jpg,44
test_2030.jpg,40
test_2031.jpg,24
test_2032.jpg,28
test_2033.jpg,52
test_2034.jpg,31
test_2035.jpg,40
test_2036.jpg,22
test_2037.jpg,31
test_2038.jpg,48
test_2039.jpg,24
test_204.jpg,11
test_2040.jpg,19
test_2041.jpg,9
test_2042.jpg,8
test_2043.jpg,8
test_2044.jpg,13
test_2045.jpg,17
test_2046.jpg,41
test_2047.jpg,8
test_2048.jpg,37
test_2049.jpg,17
test_205.jpg,31
test_2050.jpg,2
test_2051.jpg,34
test_2052.jpg,25
test_2053.jpg,21
test_2054.jpg,17
test_2055.jpg,12
test_2056.jpg,44
test_2057.jpg,25
test_2058.jpg,38
test_2059.jpg,3
test_206.jpg,20
test_2060.jpg,42
test_2061.jpg,20
test_2062.jpg,31
test_2063.jpg,0
test_2064.jpg,8
test_2065.jpg,41
test_2066.jpg,1
test_2067.jpg,5
test_2068.jpg,8
test_2069.jpg,13
test_207.jpg,54
test_2070.jpg,3
test_2071.png,3
test_2072.jpg,28
test_2073.jpg,8
test_2074.jpg,8
test_2075.jpg,7
test_2076.jpg,24
test_2077.jpg,47
test_2078.jpg,11
test_2079.jpg,39
test_208.jpg,24
test_2080.jpg,25
test_2081.jpg,52
test_2082.jpg,3
test_2083.jpg,11
test_2084.jpg,13
test_2085.jpg,31
test_2086.jpg,24
test_2087.jpg,31
test_2088.jpg,4
test_2089.jpg,24
test_209.jpg,22
test_2090.jpg,28
test_2091.jpg,0
test_2092.jpg,40
test_2093.jpg,26
test_2094.jpg,31
test_2095.jpg,44
test_2096.jpg,42
test_2097.jpg,45
test_2098.jpg,42
test_2099.jpg,39
test_21.jpg,5
test_210.jpg,2
test_2100.jpg,3
test_2101.jpg,33
test_2102.jpg,11
test_2103.jpg,8
test_2104.jpg,3
test_2105.jpg,52
test_2106.jpg,18
test_2107.jpg,40
test_2108.jpg,27
test_2109.jpg,24
test_211.jpg,25
test_2110.jpg,8
test_2111.jpg,31
test_2112.jpg,31
test_2113.jpg,0
test_2114.jpg,52
test_2115.jpg,44
test_2116.jpg,44
test_2117.jpg,44
test_2118.jpg,31
test_2119.jpg,0
test_212.jpg,24
test_2120.jpg,51
test_2121.jpg,31
test_2122.jpg,22
test_2123.jpg,26
test_2124.jpg,22
test_2125.jpg,5
test_2126.jpg,12
test_2127.jpg,24
test_2128.jpg,44
test_2129.jpg,28
test_213.jpg,47
test_2130.jpg,52
test_2131.jpg,30
test_2132.jpg,7
test_2133.jpg,52
test_2134.jpg,7
test_2135.jpg,25
test_2136.jpg,42
test_2137.jpg,47
test_2138.jpg,14
test_2139.jpg,3
test_214.jpg,12
test_2140.jpg,3
test_2141.jpg,0
test_2142.jpg,25
test_2143.jpg,41
test_2144.jpg,25
test_2145.jpg,52
test_2146.jpg,44
test_2147.jpg,31
test_2148.jpg,52
test_2149.jpg,11
test_215.jpg,31
test_2150.jpg,24
test_2151.jpg,24
test_2152.jpg,47
test_2153.jpg,2
test_2154.jpg,3
test_2155.jpg,3
test_2156.jpg,7
test_2157.jpg,31
test_2158.jpg,52
test_2159.jpg,0
test_216.jpg,22
test_2160.jpg,12
test_2161.jpg,33
test_2162.jpg,31
test_2163.jpg,44
test_2164.jpg,0
test_2165.jpg,11
test_2166.jpg,24
test_2167.jpg,8
test_2168.jpg,54
test_2169.jpg,11
test_217.jpg,44
test_2170.jpg,31
test_2171.jpg,0
test_2172.jpg,20
test_2173.jpg,25
test_2174.jpg,31
test_2175.jpg,54
test_2176.jpg,3
test_2177.jpg,25
test_2178.jpg,17
test_2179.jpg,31
test_218.jpg,0
test_2180.jpg,11
test_2181.jpg,26
test_2182.jpg,1
test_2183.jpg,21
test_2184.jpg,52
test_2185.jpg,8
test_2186.jpg,30
test_2187.jpg,3
test_2188.jpg,24
test_2189.jpg,10
test_219.jpg,44
test_2190.jpg,13
test_2191.jpg,11
test_2192.jpg,28
test_2193.jpg,21
test_2194.jpg,10
test_2195.jpg,17
test_2196.jpg,22
test_2197.jpg,3
test_2198.jpg,3
test_2199.jpg,7
test_22.jpg,17
test_220.jpg,44
test_2200.jpg,40
test_2201.jpg,39
test_2202.jpg,21
test_2203.jpg,8
test_2204.jpg,8
test_2205.jpg,12
test_2206.jpg,41
test_2207.jpg,6
test_2208.jpg,24
test_2209.jpg,8
test_221.jpg,42
test_2210.jpg,52
test_2211.jpg,9
test_2212.jpg,44
test_2213.jpg,27
test_2214.jpg,7
test_2215.jpg,7
test_2216.jpg,41
test_2217.jpg,13
test_2218.jpg,40
test_2219.jpg,39
test_222.jpg,2
test_2220.jpg,2
test_2221.jpg,42
test_2222.jpg,44
test_2223.jpg,17
test_2224.jpg,12
test_2225.jpg,44
test_2226.jpg,8
test_2227.jpg,28
test_2228.jpg,44
test_2229.jpg,14
test_223.jpg,0
test_2230.jpg,12
test_2231.jpg,6
test_2232.jpg,8
test_2233.jpg,1
test_2234.jpg,42
test_2235.jpg,2
test_2236.jpg,40
test_2237.jpg,40
test_2238.jpg,32
test_2239.jpg,25
test_224.jpg,31
test_2240.jpg,40
test_2241.jpg,34
test_2242.jpg,52
test_2243.jpg,47
test_2244.jpg,3
test_2245.jpg,0
test_2246.jpg,11
test_2247.jpg,7
test_2248.jpg,0
test_2249.jpg,10
test_225.jpg,34
test_2250.jpg,8
test_2251.jpg,8
test_2252.jpg,0
test_2253.jpg,41
test_2254.jpg,27
test_2255.jpg,5
test_2256.jpg,51
test_2257.jpg,1
test_2258.jpg,31
test_2259.jpg,0
test_226.jpg,0
test_2260.jpg,27
test_2261.jpg,3
test_2262.jpg,2
test_2263.jpg,11
test_2264.jpg,21
test_2265.jpg,31
test_2266.jpg,21
test_2267.jpg,47
test_2268.jpg,24
test_2269.jpg,14
test_227.jpg,8
test_2270.jpg,31
test_2271.jpg,25
test_2272.jpg,28
test_2273.jpg,1
test_2274.jpg,0
test_2275.jpg,3
test_2276.jpg,3
test_2277.jpg,21
test_2278.jpg,25
test_2279.jpg,0
test_228.jpg,40
test_2280.jpg,44
test_2281.jpg,20
test_2282.jpg,11
test_2283.jpg,52
test_2284.jpg,11
test_2285.jpg,11
test_2286.jpg,40
test_2287.jpg,8
test_2288.jpg,20
test_2289.jpg,40
test_229.jpg,0
test_2290.jpg,23
test_2291.jpg,21
test_2292.jpg,31
test_2293.jpg,47
test_2294.jpg,31
test_2295.jpg,41
test_2296.jpg,42
test_2297.jpg,6
test_2298.jpg,24
test_2299.jpg,42
test_23.jpg,10
test_230.jpg,31
test_2300.jpg,20
test_2301.jpg,41
test_2302.jpg,21
test_2303.jpeg,34
test_2304.jpg,25
test_2305.jpg,0
test_2306.jpg,3
test_2307.jpg,31
test_2308.jpg,5
test_2309.jpg,24
test_231.jpg,33
test_2310.jpg,11
test_2311.jpg,3
test_2312.jpg,21
test_2313.jpg,44
test_2314.jpg,17
test_2315.jpg,44
test_2316.jpg,30
test_2317.jpg,14
test_2318.jpg,31
test_2319.jpg,11
test_232.jpg,52
test_2320.jpg,0
test_2321.jpg,1
test_2322.jpg,41
test_2323.jpg,11
test_2324.jpg,12
test_2325.jpg,22
test_2326.jpg,27
test_2327.jpg,38
test_2328.jpg,11
test_2329.jpg,40
test_233.jpg,24
test_2330.jpg,0
test_2331.jpg,46
test_2332.jpg,22
test_2333.jpg,5
test_2334.jpg,31
test_2335.jpg,23
test_2336.jpg,40
test_2337.jpg,9
test_2338.jpg,14
test_2339.jpg,24
test_234.jpg,45
test_2340.jpg,18
test_2341.jpg,24
test_2342.jpg,0
test_2343.jpg,21
test_2344.jpg,3
test_2345.jpg,4
test_2346.jpg,13
test_2347.jpg,39
test_2348.jpg,3
test_2349.jpg,35
test_235.jpg,22
test_2350.jpg,11
test_2351.jpg,3
test_2352.jpg,51
test_2353.jpg,47
test_2354.jpg,31
test_2355.jpg,7
test_2356.jpg,31
test_2357.jpg,41
test_2358.jpg,0
test_2359.jpg,31
test_236.jpg,40
test_2360.jpg,5
test_2361.jpg,11
test_2362.jpg,31
test_2363.jpg,30
test_2364.jpg,26
test_2365.jpg,0
test_2366.jpg,21
test_2367.jpg,26
test_2368.jpg,3
test_2369.jpg,39
test_237.jpg,10
test_2370.jpg,33
test_2371.jpg,0
test_2372.jpg,42
test_2373.jpg,44
test_2374.jpg,42
test_2375.jpg,35
test_2376.jpg,17
test_2377.jpg,40
test_2378.jpg,34
test_2379.jpg,41
test_238.jpg,31
test_2380.jpg,5
test_2381.jpg,42
test_2382.jpg,33
test_2383.jpg,31
test_2384.jpg,0
test_2385.jpg,52
test_2386.jpg,10
test_2387.jpg,41
test_2388.jpg,24
test_2389.jpg,24
test_239.jpg,40
test_2390.jpg,11
test_2391.jpg,31
test_2392.jpg,13
test_2393.jpg,41
test_2394.jpg,20
test_2395.jpg,24
test_2396.jpg,17
test_2397.jpg,13
test_2398.jpg,13
test_2399.jpg,21
test_24.jpg,6
test_240.jpg,39
test_2400.jpg,9
test_2401.jpg,3
test_2402.jpg,0
test_2403.jpg,8
test_2404.jpg,19
test_2405.jpg,47
test_2406.jpg,52
test_2407.jpg,35
test_2408.jpg,8
test_2409.jpg,52
test_241.jpg,52
test_2410.jpg,25
test_2411.jpg,24
test_2412.jpg,5
test_2413.jpg,12
test_2414.jpg,3
test_2415.jpg,31
test_2416.jpg,31
test_2417.jpg,7
test_2418.jpg,8
test_2419.jpg,13
test_242.jpg,27
test_2420.jpg,7
test_2421.jpg,52
test_2422.jpg,8
test_2423.jpg,0
test_2424.jpg,24
test_2425.jpg,1
test_2426.jpg,7
test_2427.jpg,52
test_2428.jpg,26
test_2429.jpg,25
test_243.jpg,8
test_2430.jpg,22
test_2431.jpg,52
test_2432.jpg,0
test_2433.jpg,40
test_2434.jpg,8
test_2435.jpg,3
test_2436.jpg,31
test_2437.jpg,25
test_2438.jpg,31
test_2439.jpg,0
test_244.jpg,44
test_2440.jpg,52
test_2441.jpg,40
test_2442.jpg,32
test_2443.jpg,31
test_2444.jpg,14
test_2445.jpg,26
test_2446.jpg,3
test_2447.jpg,11
test_2448.jpg,25
test_2449.jpeg,31
test_245.jpg,0
test_2450.jpg,25
test_2451.jpg,34
test_2452.jpg,25
test_2453.jpg,44
test_2454.jpg,34
test_2455.jpg,25
test_2456.jpg,25
test_2457.jpg,3
test_2458.jpg,52
test_2459.jpg,53
test_246.jpg,11
test_2460.jpg,13
test_2461.jpg,3
test_2462.jpg,31
test_2463.jpg,28
test_2464.jpg,2
test_2465.jpg,27
test_2466.jpg,22
test_2467.jpg,3
test_2468.jpg,3
test_2469.jpg,27
test_247.jpg,25
test_2470.jpg,33
test_2471.jpg,30
test_2472.jpg,52
test_2473.jpg,44
test_2474.jpg,17
test_2475.jpg,41
test_2476.jpg,31
test_2477.jpg,24
test_2478.jpg,31
test_2479.jpg,46
test_248.jpg,13
test_2480.jpg,52
test_2481.jpg,7
test_2482.jpg,8
test_2483.jpg,0
test_2484.jpg,51
test_2485.jpg,0
test_2486.jpg,31
test_2487.jpg,31
test_2488.jpg,5
test_2489.jpg,0
test_249.jpg,31
test_2490.jpg,0
test_2491.jpg,17
test_2492.jpg,44
test_2493.jpg,14
test_2494.jpg,11
test_2495.jpg,31
test_2496.jpg,33
test_2497.jpg,31
test_2498.jpg,40
test_2499.jpg,24
test_25.jpg,8
test_250.jpg,17
test_2500.jpg,33
test_2501.jpg,5
test_2502.jpg,25
test_2503.jpg,13
test_2504.jpg,24
test_2505.jpg,24
test_2506.jpg,47
test_2507.jpg,52
test_2508.jpg,34
test_2509.jpg,40
test_251.jpg,44
test_2510.jpg,42
test_2511.jpg,27
test_2512.jpg,24
test_2513.jpg,3
test_2514.jpg,40
test_2515.jpg,39
test_2516.jpeg,42
test_2517.jpg,1
test_2518.jpg,34
test_2519.jpg,2
test_252.jpg,42
test_2520.jpg,11
test_2521.jpg,25
test_2522.jpg,11
test_2523.jpg,2
test_2524.jpg,47
test_2525.jpg,30
test_2526.jpg,9
test_2527.jpg,17
test_2528.jpg,27
test_2529.jpg,12
test_253.jpg,32
test_2530.jpg,7
test_2531.jpg,8
test_2532.jpg,42
test_2533.jpg,25
test_2534.jpg,33
test_2535.jpg,31
test_2536.jpg,28
test_2537.jpg,8
test_2538.jpg,5
test_2539.jpg,2
test_254.jpg,22
test_2540.jpg,24
test_2541.jpg,36
test_2542.jpg,39
test_2543.jpg,3
test_2544.jpg,42
test_2545.jpg,25
test_2546.jpg,11
test_2547.jpg,47
test_2548.jpg,24
test_2549.jpg,44
test_255.jpg,3
test_2550.jpg,48
test_2551.jpg,35
test_2552.jpg,44
test_2553.jpg,3
test_2554.jpg,8
test_2555.jpg,3
test_2556.jpg,39
test_2557.jpg,0
test_2558.jpg,42
test_2559.jpg,10
test_256.jpg,9
test_2560.jpg,9
test_2561.jpg,45
test_2562.jpg,20
test_2563.jpg,0
test_2564.jpg,12
test_2565.jpg,21
test_2566.jpg,0
test_2567.jpg,24
test_2568.jpg,2
test_2569.jpg,8
test_257.jpg,11
test_2570.jpg,42
test_2571.jpg,48
test_2572.jpg,35
test_2573.jpg,40
test_2574.jpg,32
test_2575.jpg,6
test_2576.jpg,31
test_2577.jpg,17
test_2578.jpg,0
test_2579.jpg,8
test_258.jpg,8
test_2580.jpg,12
test_2581.jpg,34
test_2582.jpg,8
test_2583.jpg,40
test_2584.jpg,3
test_2585.jpg,47
test_2586.jpg,24
test_2587.jpg,0
test_2588.jpg,43
test_2589.jpg,31
test_259.jpg,8
test_2590.jpg,11
test_2591.jpg,10
test_2592.jpg,44
test_2593.jpg,28
test_2594.jpg,8
test_2595.jpg,44
test_2596.jpg,48
test_2597.jpg,22
test_2598.jpg,2
test_2599.jpg,42
test_26.jpg,31
test_260.jpg,10
test_2600.jpg,8
test_2601.jpg,31
test_2602.jpg,24
test_2603.jpg,41
test_2604.jpg,12
test_2605.jpg,40
test_2606.jpg,44
test_2607.jpg,11
test_2608.jpg,3
test_2609.jpg,35
test_261.jpg,39
test_2610.jpg,3
test_2611.jpg,20
test_2612.jpg,3
test_2613.jpg,33
test_2614.jpg,52
test_2615.jpg,52
test_2616.jpg,11
test_2617.jpg,25
test_2618.jpg,42
test_2619.jpg,39
test_262.jpg,11
test_2620.jpg,27
test_2621.jpg,0
test_2622.jpg,3
test_2623.jpg,9
test_2624.jpg,24
test_2625.jpg,11
test_2626.jpg,41
test_2627.jpg,51
test_2628.jpg,13
test_2629.jpg,31
test_263.jpg,52
test_2630.jpg,44
test_2631.jpg,48
test_2632.jpg,0
test_2633.jpg,12
test_2634.jpg,3
test_2635.jpg,44
test_2636.jpg,11
test_2637.jpg,8
test_2638.jpg,11
test_2639.jpg,40
test_264.jpg,25
test_2640.jpg,33
test_2641.jpg,42
test_2642.jpg,28
test_2643.jpg,40
test_2644.jpg,1
test_2645.jpg,5
test_2646.jpg,12
test_2647.jpg,24
test_2648.jpg,14
test_2649.jpg,19
test_265.jpg,24
test_2650.jpg,40
test_2651.jpg,24
test_2652.jpg,8
test_2653.jpg,3
test_2654.jpg,12
test_2655.jpg,44
test_2656.jpg,24
test_2657.jpg,12
test_2658.jpg,6
test_2659.jpg,39
test_266.jpg,24
test_2660.jpg,8
test_2661.jpg,47
test_2662.jpg,13
test_2663.jpg,30
test_2664.jpg,3
test_2665.jpg,14
test_2666.jpg,3
test_2667.jpg,27
test_2668.jpg,25
test_2669.jpg,0
test_267.jpg,34
test_2670.jpg,12
test_2671.jpg,31
test_2672.jpg,32
test_2673.jpg,11
test_2674.jpg,28
test_2675.jpg,11
test_2676.jpg,3
test_2677.jpg,33
test_2678.jpg,1
test_2679.jpg,24
test_268.jpg,17
test_2680.jpg,6
test_2681.jpg,8
test_2682.jpg,24
test_2683.jpg,12
test_2684.jpg,42
test_2685.jpg,12
test_2686.jpg,12
test_2687.jpg,7
test_2688.jpg,52
test_2689.jpg,25
test_269.jpg,25
test_2690.jpg,11
test_2691.jpg,44
test_2692.jpg,8
test_2693.jpg,8
test_2694.jpg,21
test_2695.jpg,8
test_2696.jpg,12
test_2697.jpg,8
test_2698.jpg,47
test_2699.jpg,8
test_27.jpg,42
test_270.jpg,24
test_2700.jpg,22
test_2701.jpg,8
test_2702.jpg,39
test_2703.jpg,27
test_2704.jpg,8
test_2705.jpg,29
test_2706.jpg,40
test_2707.jpg,8
test_2708.jpg,48
test_2709.jpg,24
test_271.jpg,11
test_2710.jpg,20
test_2711.jpg,52
test_2712.jpg,0
test_2713.jpg,47
test_2714.jpg,52
test_2715.jpg,44
test_2716.jpg,11
test_2717.jpg,40
test_2718.jpg,8
test_2719.jpg,8
test_272.jpg,9
test_2720.jpg,20
test_2721.jpg,12
test_2722.jpg,27
test_2723.jpg,54
test_2724.jpg,25
test_2725.jpg,21
test_2726.jpg,33
test_2727.jpg,44
test_2728.jpg,24
test_2729.jpg,31
test_273.jpg,46
test_2730.jpg,1
test_2731.jpg,24
test_2732.jpg,11
test_2733.jpg,42
test_2734.jpg,3
test_2735.jpg,8
test_2736.jpg,25
test_2737.jpg,20
test_2738.jpg,40
test_2739.jpg,25
test_274.jpg,4
test_2740.jpg,31
test_2741.jpg,5
test_2742.jpg,39
test_2743.jpg,31
test_2744.jpg,10
test_2745.jpg,6
test_2746.jpg,31
test_2747.jpg,12
test_2748.jpg,26
test_2749.jpg,2
test_275.jpg,25
test_2750.jpg,20
test_2751.jpg,0
test_2752.jpg,41
test_2753.jpg,28
test_2754.jpg,13
test_2755.jpg,17
test_2756.jpg,31
test_2757.jpg,17
test_2758.jpg,25
test_2759.jpg,44
test_276.jpg,8
test_2760.jpg,41
test_2761.jpg,20
test_2762.jpg,24
test_2763.jpg,26
test_2764.jpg,24
test_2765.jpg,18
test_2766.jpg,24
test_2767.jpg,10
test_2768.jpg,8
test_2769.jpg,8
test_277.jpg,8
test_2770.jpg,1
test_2771.jpg,31
test_2772.jpg,40
test_2773.jpg,8
test_2774.jpg,36
test_2775.jpg,13
test_2776.jpg,0
test_2777.jpg,11
test_2778.jpg,17
test_2779.jpeg,19
test_278.jpg,40
test_2780.jpg,24
test_2781.jpg,31
test_2782.jpg,12
test_2783.jpg,11
test_2784.jpg,54
test_2785.jpg,40
test_2786.jpg,3
test_2787.jpg,52
test_2788.jpg,40
test_2789.jpg,12
test_279.jpg,31
test_2790.jpg,42
test_2791.jpg,17
test_2792.jpg,8
test_2793.jpg,14
test_2794.jpg,31
test_2795.jpg,5
test_2796.jpg,3
test_2797.jpg,8
test_2798.jpg,34
test_2799.jpg,52
test_28.jpg,1
test_280.jpg,8
test_2800.jpg,27
test_2801.jpg,0
test_2802.jpg,11
test_2803.jpg,3
test_2804.jpg,30
test_2805.jpg,24
test_2806.jpg,39
test_2807.jpg,17
test_2808.jpg,5
test_2809.jpg,52
test_281.jpg,52
test_2810.jpg,40
test_2811.jpg,11
test_2812.jpg,32
test_2813.jpg,24
test_2814.jpg,17
test_2815.jpg,0
test_2816.jpg,13
test_2817.jpg,31
test_2818.jpg,3
test_2819.jpg,1
test_282.jpg,8
test_2820.jpg,24
test_2821.jpg,44
test_2822.jpg,8
test_2823.jpg,52
test_2824.jpg,25
test_2825.jpg,34
test_2826.jpg,40
test_2827.jpg,42
test_2828.jpg,28
test_2829.jpg,0
test_283.jpg,5
test_2830.jpg,0
test_2831.jpg,41
test_2832.jpg,41
test_2833.jpg,0
test_2834.jpg,8
test_2835.jpg,7
test_2836.jpg,28
test_2837.jpg,31
test_2838.jpg,16
test_2839.jpg,48
test_284.jpg,25
test_2840.jpg,24
test_2841.jpg,40
test_2842.jpg,2
test_2843.jpg,12
test_2844.jpg,0
test_2845.jpg,0
test_2846.jpg,18
test_2847.jpg,12
test_2848.jpg,31
test_2849.jpg,24
test_285.jpg,41
test_2850.jpg,10
test_2851.jpg,12
test_2852.jpg,10
test_2853.jpg,10
test_2854.jpg,17
test_2855.jpg,40
test_2856.jpg,8
test_2857.jpg,22
test_2858.jpg,27
test_2859.jpg,26
test_286.jpg,8
test_2860.jpg,31
test_2861.jpg,36
test_2862.jpg,9
test_2863.jpg,11
test_2864.jpg,52
test_2865.jpg,42
test_2866.jpg,11
test_2867.jpg,14
test_2868.jpg,24
test_2869.jpg,44
test_287.jpg,20
test_2870.jpg,17
test_2871.jpg,52
test_2872.jpg,7
test_2873.jpg,17
test_2874.jpg,11
test_2875.jpg,42
test_2876.jpg,8
test_2877.jpg,8
test_2878.jpg,17
test_2879.jpg,40
test_288.jpg,39
test_2880.jpg,47
test_2881.jpg,8
test_2882.jpg,11
test_2883.jpg,24
test_2884.jpg,40
test_2885.jpg,44
test_2886.jpg,32
test_2887.jpg,13
test_2888.jpg,44
test_2889.jpg,24
test_289.jpg,42
test_2890.jpg,3
test_2891.jpg,28
test_2892.jpg,0
test_2893.jpg,11
test_2894.jpg,28
test_2895.jpg,33
test_2896.jpg,21
test_2897.jpg,3
test_2898.jpg,11
test_2899.jpg,8
test_29.jpg,41
test_290.jpg,28
test_2900.jpg,19
test_2901.jpg,47
test_2902.jpg,8
test_2903.jpg,12
test_2904.jpg,26
test_2905.jpg,3
test_2906.jpg,39
test_2907.jpg,3
test_2908.jpg,20
test_2909.jpg,42
test_291.jpg,20
test_2910.jpg,11
test_2911.jpg,6
test_2912.jpeg,2
test_2913.jpg,0
test_2914.jpg,12
test_2915.jpg,3
test_2916.jpg,3
test_2917.jpg,31
test_2918.jpg,32
test_2919.jpg,3
test_292.jpg,20
test_2920.jpg,8
test_2921.jpg,31
test_2922.jpg,8
test_2923.jpg,21
test_2924.jpg,7
test_2925.jpg,24
test_2926.jpeg,47
test_2927.jpeg,33
test_2928.jpg,14
test_2929.jpg,31
test_293.jpg,13
test_2930.jpg,16
test_2931.jpg,44
test_2932.jpg,28
test_2933.jpg,44
test_2934.jpg,5
test_2935.jpg,30
test_2936.jpg,11
test_2937.jpg,30
test_2938.jpg,28
test_2939.jpg,14
test_294.jpg,31
test_2940.jpg,47
test_2941.jpg,12
test_2942.jpg,24
test_2943.jpg,31
test_2944.jpg,31
test_2945.jpg,3
test_2946.jpg,3
test_2947.jpg,27
test_2948.jpg,15
test_2949.jpg,11
test_295.jpg,48
test_2950.jpg,42
test_2951.jpg,32
test_2952.jpg,31
test_2953.jpg,26
test_2954.jpg,17
test_2955.jpg,8
test_2956.jpg,39
test_2957.jpg,52
test_2958.jpg,3
test_2959.jpg,25
test_296.jpg,6
test_2960.jpg,31
test_2961.jpg,11
test_2962.jpg,24
test_2963.jpg,31
test_2964.jpg,13
test_2965.jpg,44
test_2966.jpg,13
test_2967.jpg,12
test_2968.jpg,32
test_2969.jpg,0
test_297.jpg,41
test_2970.jpg,44
test_2971.jpg,8
test_2972.jpg,25
test_2973.jpg,3
test_2974.jpg,27
test_2975.jpg,53
test_2976.jpg,24
test_2977.jpg,52
test_2978.jpg,44
test_2979.jpg,17
test_298.jpg,30
test_2980.jpg,31
test_2981.jpg,24
test_2982.jpg,54
test_2983.jpg,27
test_2984.jpg,52
test_2985.jpg,0
test_2986.jpg,11
test_2987.jpg,3
test_2988.jpg,42
test_2989.jpg,5
test_299.jpg,30
test_2990.jpg,27
test_2991.jpg,1
test_2992.jpg,24
test_2993.jpg,44
test_2994.jpg,17
test_2995.jpg,52
test_2996.jpg,8
test_2997.jpg,24
test_2998.jpg,3
test_2999.jpg,44
test_3.jpg,42
test_30.jpg,11
test_300.jpg,25
test_3000.jpg,31
test_3001.jpg,44
test_3002.jpg,8
test_3003.jpg,13
test_3004.jpg,52
test_3005.jpg,0
test_3006.jpg,3
test_3007.jpg,26
test_3008.jpg,3
test_3009.jpg,52
test_301.jpg,0
test_3010.jpg,47
test_3011.jpg,0
test_3012.jpg,24
test_3013.jpg,3
test_3014.jpg,17
test_3015.jpg,17
test_3016.jpg,3
test_3017.jpg,11
test_3018.jpg,41
test_3019.jpg,28
test_302.jpg,25
test_3020.jpg,8
test_3021.jpg,25
test_3022.jpg,35
test_3023.jpg,31
test_3024.jpg,42
test_3025.jpg,3
test_3026.jpg,52
test_3027.jpg,24
test_3028.jpg,31
test_3029.jpg,28
test_303.jpg,31
test_3030.jpg,24
test_3031.jpg,0
test_3032.jpg,8
test_3033.jpg,21
test_3034.jpg,52
test_3035.jpg,21
test_3036.jpg,27
test_3037.jpg,25
test_3038.jpg,31
test_3039.jpg,40
test_304.jpg,27
test_3040.jpg,0
test_3041.jpg,31
test_3042.jpg,47
test_3043.jpg,24
test_3044.jpg,26
test_3045.jpg,3
test_3046.jpg,8
test_3047.jpg,52
test_3048.jpg,30
test_3049.jpg,8
test_305.jpg,11
test_3050.jpg,25
test_3051.jpg,37
test_3052.jpg,11
test_3053.jpg,14
test_3054.jpg,14
test_3055.jpg,14
test_3056.jpg,22
test_3057.jpg,48
test_3058.jpg,9
test_3059.jpg,54
test_306.jpg,31
test_3060.jpg,24
test_3061.jpg,28
test_3062.jpg,24
test_3063.jpg,14
test_3064.jpg,8
test_3065.jpg,0
test_3066.jpg,0
test_3067.jpg,48
test_3068.jpg,24
test_3069.jpg,1
test_307.jpg,22
test_3070.jpg,25
test_3071.jpg,17
test_3072.jpg,42
test_3073.jpg,27
test_3074.jpg,27
test_3075.jpg,1
test_3076.jpg,8
test_3077.jpg,34
test_3078.jpg,40
test_3079.jpg,3
test_308.jpg,0
test_3080.jpg,31
test_3081.jpg,31
test_3082.jpg,27
test_3083.jpg,22
test_3084.jpg,22
test_3085.jpg,11
test_3086.jpg,17
test_3087.jpg,3
test_3088.jpg,1
test_3089.jpg,0
test_309.jpg,33
test_3090.jpg,20
test_3091.jpg,20
test_3092.jpg,31
test_3093.jpg,8
test_3094.jpg,27
test_3095.jpg,40
test_3096.jpg,44
test_3097.jpg,25
test_3098.jpg,40
test_3099.jpg,28
test_31.jpg,0
test_310.jpg,17
test_3100.jpg,42
test_3101.jpg,40
test_3102.jpg,12
test_3103.jpg,0
test_3104.jpg,44
test_3105.jpg,11
test_3106.jpg,52
test_3107.jpg,34
test_3108.jpg,31
test_3109.jpg,42
test_311.jpg,12
test_3110.jpg,44
test_3111.jpg,3
test_3112.jpg,41
test_3113.jpg,13
test_3114.jpg,31
test_3115.jpg,24
test_3116.jpg,31
test_3117.jpg,3
test_3118.jpg,24
test_3119.jpg,44
test_312.jpg,40
test_3120.jpg,3
test_3121.jpg,9
test_3122.jpg,25
test_3123.jpg,11
test_3124.jpg,31
test_3125.jpg,41
test_3126.jpg,44
test_3127.jpg,24
test_3128.jpg,52
test_3129.jpg,31
test_313.jpg,17
test_3130.jpg,26
test_3131.jpg,14
test_3132.jpg,5
test_3133.jpg,3
test_3134.jpg,1
test_3135.jpg,54
test_3136.jpg,11
test_3137.jpg,3
test_3138.jpg,44
test_3139.jpg,35
test_314.jpg,14
test_3140.jpg,8
test_3141.jpg,2
test_3142.jpg,52
test_3143.jpg,8
test_3144.jpg,45
test_3145.jpg,40
test_3146.jpg,44
test_3147.jpg,44
test_3148.jpg,25
test_3149.jpg,31
test_315.jpg,33
test_3150.jpg,53
test_3151.jpg,17
test_3152.jpg,25
test_3153.jpg,25
test_3154.jpg,52
test_3155.jpg,24
test_3156.jpg,3
test_3157.jpg,3
test_3158.jpg,42
test_3159.jpg,26
test_316.jpg,2
test_3160.jpg,24
test_3161.jpg,40
test_3162.jpg,19
test_3163.jpg,10
test_3164.jpg,3
test_3165.jpg,0
test_3166.jpg,47
test_3167.jpg,46
test_3168.jpg,0
test_3169.jpg,13
test_317.jpg,8
test_3170.jpg,11
test_3171.jpg,31
test_3172.jpg,28
test_3173.jpg,34
test_3174.jpg,3
test_3175.jpg,44
test_3176.jpg,42
test_3177.jpg,52
test_3178.jpg,17
test_3179.jpg,25
test_318.jpg,42
test_3180.jpg,3
test_3181.jpg,0
test_3182.jpg,7
test_3183.jpg,0
test_3184.jpg,52
test_3185.jpg,25
test_3186.jpg,7
test_3187.jpg,14
test_3188.jpg,48
test_3189.jpg,52
test_319.jpg,12
test_3190.jpg,31
test_3191.jpg,13
test_3192.jpg,12
test_3193.jpg,52
test_3194.jpg,7
test_3195.jpg,25
test_3196.jpg,31
test_3197.jpg,20
test_3198.jpg,17
test_3199.jpg,31
test_32.jpg,34
test_320.png,3
test_3200.jpg,27
test_3201.jpg,47
test_3202.jpg,5
test_3203.jpg,31
test_3204.jpg,8
test_3205.jpg,24
test_3206.jpg,20
test_3207.jpg,40
test_3208.jpg,40
test_3209.jpg,24
test_321.jpg,52
test_3210.jpg,25
test_3211.jpg,17
test_3212.jpg,52
test_3213.jpg,42
test_3214.jpg,25
test_3215.jpg,25
test_3216.jpg,16
test_3217.jpg,25
test_3218.jpg,6
test_3219.jpg,24
test_322.jpg,41
test_3220.jpg,9
test_3221.jpg,40
test_3222.jpg,46
test_3223.jpg,42
test_3224.jpg,17
test_3225.jpg,27
test_3226.jpg,42
test_3227.jpg,13
test_3228.jpg,40
test_3229.jpg,3
test_323.jpg,25
test_3230.jpg,5
test_3231.jpg,31
test_3232.jpg,3
test_3233.jpg,14
test_3234.jpg,31
test_3235.jpg,22
test_3236.jpg,44
test_3237.jpg,3
test_3238.jpg,11
test_3239.jpg,5
test_324.jpg,16
test_3240.jpg,12
test_3241.jpg,31
test_3242.jpg,27
test_3243.jpg,44
test_3244.jpg,28
test_3245.jpg,42
test_3246.jpg,52
test_3247.jpg,0
test_3248.jpg,25
test_3249.jpg,31
test_325.jpg,17
test_3250.jpg,5
test_3251.jpg,3
test_3252.jpg,25
test_3253.jpg,44
test_3254.jpg,46
test_3255.jpg,17
test_3256.jpg,11
test_3257.jpg,46
test_3258.jpg,11
test_3259.jpg,8
test_326.jpg,14
test_3260.jpg,0
test_3261.jpg,31
test_3262.jpg,24
test_3263.jpg,7
test_3264.jpg,24
test_3265.jpg,31
test_3266.jpg,6
test_3267.jpg,31
test_3268.jpg,40
test_3269.jpg,40
test_327.jpg,31
test_3270.jpg,11
test_3271.jpg,17
test_3272.jpg,3
test_3273.jpg,11
test_3274.jpg,9
test_3275.jpg,52
test_3276.jpg,5
test_3277.jpg,8
test_3278.jpg,11
test_3279.jpg,6
test_328.jpg,33
test_3280.jpg,12
test_3281.jpg,10
test_3282.jpg,16
test_3283.jpg,42
test_3284.jpg,10
test_3285.jpg,10
test_3286.jpg,44
test_3287.jpg,44
test_3288.jpg,50
test_3289.jpg,52
test_329.jpg,24
test_3290.jpg,44
test_3291.jpg,44
test_3292.jpg,5
test_3293.jpg,47
test_3294.jpg,51
test_3295.jpg,50
test_3296.jpg,25
test_3297.jpg,24
test_3298.jpg,17
test_3299.jpg,17
test_33.jpg,3
test_330.jpg,11
test_3300.jpg,48
test_3301.jpg,40
test_3302.jpg,30
test_3303.jpg,2
test_3304.jpg,2
test_3305.jpg,16
test_3306.jpg,52
test_3307.jpg,24
test_3308.jpg,11
test_3309.jpg,11
test_331.jpg,3
test_3310.jpg,20
test_3311.jpg,35
test_3312.jpg,46
test_3313.jpg,20
test_3314.jpg,3
test_3315.jpg,17
test_3316.jpg,44
test_3317.jpg,40
test_3318.jpg,44
test_3319.jpg,0
test_332.jpg,25
test_3320.jpg,45
test_3321.jpg,24
test_3322.jpg,20
test_3323.jpg,25
test_3324.jpg,46
test_3325.jpg,22
test_3326.jpg,30
test_3327.jpg,16
test_3328.jpg,8
test_3329.jpg,24
test_333.jpg,3
test_3330.jpg,24
test_3331.jpg,3
test_3332.jpg,0
test_3333.jpg,27
test_3334.jpg,14
test_3335.jpg,52
test_3336.jpg,27
test_3337.jpg,3
test_3338.jpg,11
test_3339.jpg,1
test_334.jpg,0
test_3340.jpg,47
test_3341.jpg,32
test_3342.jpg,21
test_3343.jpg,25
test_3344.jpg,31
test_3345.jpg,31
test_3346.jpg,44
test_3347.jpg,26
test_3348.jpg,12
test_3349.jpg,18
test_335.jpg,5
test_3350.jpg,14
test_3351.jpg,31
test_3352.jpg,2
test_3353.jpg,13
test_3354.jpg,8
test_3355.jpg,13
test_3356.jpg,31
test_3357.jpg,8
test_3358.jpg,33
test_3359.jpg,8
test_336.jpg,25
test_3360.jpg,42
test_3361.jpg,22
test_3362.jpg,51
test_3363.jpg,2
test_3364.jpg,31
test_3365.jpg,1
test_3366.jpg,27
test_3367.jpg,11
test_3368.jpg,42
test_3369.jpg,41
test_337.jpg,52
test_3370.jpg,44
test_3371.jpg,20
test_3372.jpg,31
test_3373.jpg,18
test_3374.jpg,5
test_3375.jpg,11
test_3376.jpg,38
test_3377.jpg,3
test_3378.jpg,0
test_3379.jpg,25
test_338.jpg,26
test_3380.jpg,30
test_3381.jpg,13
test_3382.jpg,31
test_3383.jpg,27
test_3384.jpg,45
test_3385.jpg,3
test_3386.jpg,42
test_3387.jpg,44
test_3388.jpg,31
test_3389.jpg,0
test_339.jpg,17
test_3390.jpg,41
test_3391.jpg,40
test_3392.jpg,2
test_3393.jpg,45
test_3394.jpg,0
test_3395.jpg,28
test_3396.jpg,13
test_3397.jpg,24
test_3398.jpg,0
test_3399.jpg,25
test_34.jpg,33
test_340.jpg,45
test_3400.jpg,47
test_3401.jpg,37
test_3402.jpg,17
test_3403.jpg,8
test_3404.jpg,6
test_3405.jpg,46
test_3406.jpg,30
test_3407.jpg,22
test_3408.jpg,47
test_3409.jpg,41
test_341.jpg,42
test_3410.jpg,28
test_3411.jpg,24
test_3412.jpg,0
test_3413.jpg,25
test_3414.jpg,3
test_3415.jpg,3
test_3416.jpg,8
test_3417.jpg,25
test_3418.jpg,18
test_3419.jpg,0
test_342.jpg,47
test_3420.jpg,47
test_3421.jpg,0
test_3422.jpg,24
test_3423.jpg,40
test_3424.jpg,25
test_3425.jpg,1
test_3426.jpg,0
test_3427.jpg,30
test_3428.jpg,30
test_3429.jpg,11
test_343.jpg,47
test_3430.jpg,10
test_3431.jpg,51
test_3432.jpg,17
test_3433.jpg,31
test_3434.jpg,44
test_3435.jpg,13
test_3436.jpg,38
test_3437.jpg,8
test_3438.jpg,5
test_3439.jpg,30
test_344.jpg,41
test_3440.jpg,3
test_3441.jpg,7
test_3442.jpg,9
test_3443.jpg,12
test_3444.jpg,40
test_3445.jpg,8
test_3446.jpg,46
test_3447.jpg,3
test_3448.jpg,26
test_3449.jpg,42
test_345.jpg,44
test_3450.jpg,41
test_3451.jpg,27
test_3452.jpg,1
test_3453.jpg,3
test_3454.jpg,3
test_3455.jpg,42
test_3456.jpg,3
test_3457.jpg,42
test_3458.jpg,35
test_3459.jpg,25
test_346.jpg,12
test_3460.jpg,31
test_3461.jpg,17
test_3462.jpg,42
test_3463.jpg,50
test_3464.jpg,44
test_3465.jpg,28
test_3466.jpg,42
test_3467.jpg,9
test_3468.jpg,42
test_3469.jpg,6
test_347.jpg,8
test_3470.jpg,13
test_3471.jpg,3
test_3472.jpg,28
test_3473.jpg,42
test_3474.jpg,3
test_3475.jpg,35
test_3476.jpg,8
test_3477.jpg,27
test_3478.jpg,39
test_3479.jpg,52
test_348.jpg,1
test_3480.jpg,20
test_3481.jpg,8
test_3482.jpg,12
test_3483.jpg,47
test_3484.jpg,21
test_3485.jpg,41
test_3486.jpg,42
test_3487.jpg,39
test_3488.jpg,42
test_3489.jpg,8
test_349.jpg,31
test_3490.jpg,32
test_3491.jpg,48
test_3492.jpg,46
test_3493.jpg,27
test_3494.jpg,21
test_3495.jpg,31
test_3496.jpg,24
test_3497.jpg,40
test_3498.jpg,0
test_3499.jpg,40
test_35.jpg,20
test_350.jpg,20
test_3500.jpg,36
test_3501.jpg,0
test_3502.jpg,25
test_3503.jpg,25
test_3504.jpg,40
test_3505.jpg,3
test_3506.jpg,0
test_3507.jpg,24
test_3508.jpg,39
test_3509.jpg,42
test_351.jpg,31
test_3510.jpg,45
test_3511.jpg,13
test_3512.jpg,12
test_3513.jpg,49
test_3514.jpg,40
test_3515.jpg,11
test_3516.jpg,8
test_3517.jpg,3
test_3518.jpg,42
test_3519.jpg,3
test_352.jpg,3
test_3520.jpg,13
test_3521.jpg,31
test_3522.jpg,42
test_3523.jpg,14
test_3524.jpg,47
test_3525.jpg,37
test_3526.jpg,8
test_3527.jpg,20
test_3528.jpg,44
test_3529.jpg,0
test_353.jpg,3
test_3530.jpg,0
test_3531.jpg,20
test_3532.jpg,25
test_3533.jpg,22
test_3534.jpg,37
test_3535.jpg,8
test_3536.jpg,42
test_3537.jpg,26
test_3538.jpg,22
test_3539.jpg,8
test_354.jpg,33
test_3540.jpg,42
test_3541.jpg,41
test_3542.jpg,3
test_3543.jpg,40
test_3544.jpg,0
test_3545.jpg,11
test_3546.jpg,31
test_3547.jpg,31
test_3548.jpg,40
test_3549.jpg,31
test_355.jpg,47
test_3550.jpg,3
test_3551.jpg,13
test_3552.jpg,8
test_3553.jpg,41
test_3554.jpg,19
test_3555.jpg,34
test_3556.jpg,52
test_3557.jpg,3
test_3558.jpg,8
test_3559.jpg,34
test_356.jpg,43
test_3560.jpg,44
test_3561.jpg,11
test_3562.jpg,24
test_3563.jpg,7
test_3564.jpg,18
test_3565.jpg,31
test_3566.jpg,31
test_3567.jpg,36
test_3568.jpg,44
test_3569.jpg,31
test_357.jpg,3
test_3570.jpg,47
test_3571.jpg,31
test_3572.jpg,14
test_3573.jpg,3
test_3574.jpg,0
test_3575.jpg,20
test_3576.jpg,35
test_3577.jpg,8
test_3578.jpg,10
test_3579.jpg,0
test_358.jpg,39
test_3580.jpg,3
test_3581.jpg,5
test_3582.jpg,32
test_3583.jpg,52
test_3584.jpg,3
test_3585.jpg,44
test_3586.jpg,40
test_3587.jpg,5
test_3588.jpg,0
test_3589.jpg,0
test_359.jpg,24
test_3590.jpg,31
test_3591.jpg,31
test_3592.jpg,35
test_3593.jpg,44
test_3594.jpg,41
test_3595.jpg,12
test_3596.jpg,11
test_3597.jpg,48
test_3598.jpg,24
test_3599.jpg,3
test_36.jpg,44
test_360.jpg,11
test_3600.jpg,17
test_3601.jpg,13
test_3602.jpg,0
test_3603.jpg,39
test_3604.jpg,0
test_3605.jpg,25
test_3606.jpg,52
test_3607.jpg,33
test_3608.jpg,25
test_3609.jpg,42
test_361.jpg,52
test_3610.jpg,40
test_3611.jpg,42
test_3612.jpg,30
test_3613.jpg,13
test_3614.jpg,3
test_3615.jpg,25
test_3616.jpg,25
test_3617.jpg,31
test_3618.jpg,8
test_3619.jpeg,44
test_362.jpg,47
test_3620.jpg,7
test_3621.jpg,21
test_3622.jpg,17
test_3623.jpg,52
test_3624.jpg,31
test_3625.jpg,44
test_3626.jpg,22
test_3627.jpg,13
test_3628.jpg,3
test_3629.jpg,41
test_363.jpg,31
test_3630.jpg,31
test_3631.jpg,19
test_3632.jpg,24
test_3633.jpg,44
test_3634.jpg,42
test_3635.jpg,47
test_3636.jpg,7
test_3637.jpg,31
test_3638.jpg,31
test_3639.jpg,8
test_364.jpg,20
test_3640.jpg,28
test_3641.jpg,41
test_3642.jpg,29
test_3643.jpg,24
test_3644.jpg,31
test_3645.jpg,51
test_3646.jpg,19
test_3647.jpg,42
test_3648.jpg,31
test_3649.jpg,12
test_365.jpg,17
test_3650.jpg,54
test_3651.jpg,42
test_3652.jpg,12
test_3653.jpg,24
test_3654.jpg,20
test_3655.jpg,31
test_3656.jpg,21
test_3657.jpg,27
test_3658.jpg,27
test_3659.jpg,24
test_366.jpg,0
test_3660.jpg,33
test_3661.jpg,24
test_3662.jpg,8
test_3663.jpg,11
test_3664.jpg,39
test_3665.jpg,24
test_3666.jpg,25
test_3667.jpg,8
test_3668.jpg,31
test_3669.jpg,40
test_367.jpg,14
test_3670.jpg,48
test_3671.jpg,31
test_3672.jpg,8
test_3673.jpg,14
test_3674.jpg,48
test_3675.jpg,25
test_3676.jpg,47
test_3677.jpg,1
test_3678.jpg,8
test_3679.jpg,17
test_368.jpg,34
test_3680.jpg,28
test_3681.jpg,24
test_3682.jpg,8
test_3683.jpg,51
test_3684.jpg,42
test_3685.jpg,35
test_3686.jpg,17
test_3687.jpg,11
test_3688.jpg,11
test_3689.jpg,1
test_369.jpg,24
test_3690.jpg,47
test_3691.jpg,8
test_3692.jpg,24
test_3693.jpg,1
test_3694.jpg,3
test_3695.jpg,31
test_3696.jpg,8
test_3697.jpg,25
test_3698.jpg,3
test_3699.jpg,26
test_37.jpg,42
test_370.jpg,12
test_3700.jpg,51
test_3701.jpg,3
test_3702.jpg,12
test_3703.jpg,46
test_3704.jpg,0
test_3705.jpg,40
test_3706.jpg,40
test_3707.jpg,8
test_3708.jpg,8
test_3709.jpg,40
test_371.jpg,8
test_3710.jpg,8
test_3711.jpg,0
test_3712.jpg,3
test_3713.jpg,27
test_3714.jpg,8
test_3715.jpg,27
test_3716.jpg,8
test_3717.jpg,22
test_3718.jpg,10
test_3719.jpg,44
test_372.jpg,24
test_3720.jpg,30
test_3721.jpg,31
test_3722.jpg,39
test_3723.jpg,7
test_3724.jpg,31
test_3725.jpg,47
test_3726.jpg,24
test_3727.jpg,52
test_3728.jpg,25
test_3729.jpg,42
test_373.jpg,24
test_3730.jpg,31
test_3731.jpg,17
test_3732.jpg,8
test_3733.jpg,9
test_3734.jpg,50
test_3735.jpg,8
test_3736.jpg,32
test_3737.jpg,24
test_3738.jpg,29
test_3739.jpg,32
test_374.jpg,36
test_3740.jpg,11
test_3741.jpg,8
test_3742.jpg,25
test_3743.jpg,10
test_3744.jpg,44
test_3745.jpg,22
test_3746.jpg,25
test_3747.jpg,24
test_3748.jpg,40
test_3749.jpg,44
test_375.jpg,31
test_3750.jpg,42
test_3751.jpg,52
test_3752.jpg,12
test_3753.jpg,20
test_3754.jpg,43
test_3755.jpg,42
test_3756.jpg,42
test_3757.jpg,51
test_3758.jpg,24
test_3759.jpg,24
test_376.jpg,30
test_3760.jpg,39
test_3761.jpg,31
test_3762.jpg,13
test_3763.jpg,20
test_3764.jpg,22
test_3765.jpg,52
test_3766.jpg,5
test_3767.jpg,2
test_3768.jpg,14
test_3769.jpg,24
test_377.jpg,3
test_3770.jpg,30
test_3771.jpg,52
test_3772.jpg,11
test_3773.jpg,42
test_3774.jpg,3
test_3775.jpg,44
test_3776.jpg,27
test_3777.jpg,28
test_3778.jpg,17
test_3779.jpg,3
test_378.jpg,11
test_3780.jpg,16
test_3781.jpg,31
test_3782.jpg,5
test_3783.jpg,30
test_3784.jpg,33
test_3785.jpg,14
test_3786.jpg,24
test_3787.jpg,40
test_3788.jpg,3
test_3789.jpg,11
test_379.jpg,3
test_3790.jpg,10
test_3791.jpg,11
test_3792.jpg,33
test_3793.jpg,0
test_3794.jpg,31
test_3795.jpg,24
test_3796.jpg,3
test_3797.jpg,33
test_3798.jpg,31
test_3799.jpg,28
test_38.jpg,31
test_380.jpg,44
test_3800.jpg,19
test_3801.jpg,22
test_3802.jpg,24
test_3803.jpg,21
test_3804.jpg,42
test_3805.jpg,17
test_3806.jpg,17
test_3807.jpg,30
test_3808.jpg,17
test_3809.jpg,0
test_381.jpg,25
test_3810.jpg,6
test_3811.jpg,25
test_3812.jpg,24
test_3813.jpg,52
test_3814.jpg,17
test_3815.jpg,25
test_3816.jpg,22
test_3817.jpg,14
test_3818.jpg,47
test_3819.jpg,0
test_382.jpg,8
test_3820.jpg,31
test_3821.jpg,30
test_3822.jpg,34
test_3823.jpg,13
test_3824.jpg,21
test_3825.jpg,31
test_3826.jpg,27
test_3827.jpg,9
test_3828.jpg,44
test_3829.jpg,40
test_383.jpg,28
test_3830.jpg,3
test_3831.jpg,13
test_3832.jpg,42
test_3833.jpg,31
test_3834.jpg,11
test_3835.jpg,25
test_3836.jpg,17
test_3837.jpg,52
test_3838.jpg,0
test_3839.jpg,12
test_384.jpg,8
test_3840.jpg,44
test_3841.jpg,30
test_3842.jpg,53
test_3843.jpg,38
test_3844.jpg,12
test_3845.jpg,0
test_3846.jpg,44
test_3847.jpg,31
test_3848.jpg,31
test_3849.jpg,40
test_385.jpg,24
test_3850.jpg,3
test_3851.jpg,42
test_3852.jpg,40
test_3853.jpg,24
test_3854.jpg,20
test_3855.jpg,31
test_3856.jpg,44
test_3857.jpg,24
test_3858.jpg,3
test_3859.jpg,44
test_386.jpg,8
test_3860.jpg,25
test_3861.jpg,0
test_3862.jpg,25
test_3863.jpg,22
test_3864.jpg,31
test_3865.jpg,8
test_3866.jpg,3
test_3867.jpg,44
test_3868.jpg,3
test_3869.jpg,7
test_387.jpg,31
test_3870.jpg,12
test_3871.jpg,11
test_3872.jpg,25
test_3873.jpg,8
test_3874.jpg,0
test_3875.jpg,22
test_3876.jpg,25
test_3877.jpg,3
test_3878.jpg,54
test_3879.jpeg,52
test_388.jpg,12
test_3880.jpg,52
test_3881.jpg,12
test_3882.jpg,23
test_3883.jpg,2
test_3884.jpg,28
test_3885.jpg,25
test_3886.jpg,31
test_3887.jpg,45
test_3888.jpg,40
test_3889.jpg,29
test_389.jpg,39
test_3890.jpg,11
test_3891.jpg,8
test_3892.jpg,11
test_3893.jpg,11
test_3894.jpg,1
test_3895.jpg,25
test_3896.jpg,8
test_3897.jpg,40
test_3898.jpg,12
test_3899.jpg,25
test_39.jpg,34
test_390.jpg,27
test_3900.jpg,8
test_3901.jpg,24
test_3902.jpg,25
test_3903.jpg,31
test_3904.jpg,40
test_3905.jpg,31
test_3906.jpg,20
test_3907.jpg,22
test_3908.jpg,3
test_3909.jpg,8
test_391.jpg,17
test_3910.jpg,42
test_3911.jpg,24
test_3912.jpg,20
test_3913.jpg,3
test_3914.jpg,40
test_3915.jpg,47
test_3916.jpg,3
test_3917.jpg,7
test_3918.jpg,31
test_3919.jpg,33
test_392.jpg,31
test_3920.jpg,41
test_3921.jpg,3
test_3922.jpg,3
test_3923.jpg,28
test_3924.jpg,48
test_3925.jpg,30
test_3926.jpg,44
test_3927.jpg,12
test_3928.jpg,32
test_3929.jpg,42
test_393.jpg,40
test_3930.jpg,8
test_3931.jpg,8
test_3932.jpg,35
test_3933.jpg,25
test_3934.jpg,52
test_3935.jpg,31
test_3936.jpg,11
test_394.jpg,52
test_395.jpg,28
test_396.jpg,3
test_397.jpg,1
test_398.jpg,27
test_399.jpg,11
test_4.jpg,26
test_40.jpg,27
test_400.jpg,30
test_401.jpg,52
test_402.jpg,3
test_403.jpg,24
test_404.jpg,11
test_405.jpg,20
test_406.jpg,40
test_407.jpg,0
test_408.jpg,42
test_409.jpg,14
test_41.jpg,40
test_410.jpg,27
test_411.jpg,11
test_412.jpg,17
test_413.jpg,26
test_414.jpeg,1
test_415.jpg,46
test_416.jpg,8
test_417.jpg,22
test_418.jpg,2
test_419.jpg,6
test_42.jpg,18
test_420.jpg,46
test_421.jpg,8
test_422.jpg,17
test_423.jpg,26
test_424.jpg,21
test_425.jpg,47
test_426.jpg,51
test_427.jpg,42
test_428.jpg,2
test_429.jpg,47
test_43.jpg,5
test_430.jpg,25
test_431.jpg,3
test_432.jpg,34
test_433.jpg,39
test_434.jpg,8
test_435.jpg,12
test_436.jpg,8
test_437.jpg,26
test_438.jpg,44
test_439.jpg,11
test_44.jpg,11
test_440.jpg,52
test_441.jpg,17
test_442.jpg,31
test_443.jpg,21
test_444.jpg,3
test_445.jpg,28
test_446.jpg,25
test_447.jpg,31
test_448.jpg,27
test_449.jpg,31
test_45.jpg,32
test_450.jpg,46
test_451.jpg,46
test_452.jpg,17
test_453.jpg,26
test_454.jpg,24
test_455.jpg,26
test_456.jpg,31
test_457.jpg,41
test_458.jpg,28
test_459.jpg,31
test_46.jpg,26
test_460.jpg,28
test_461.jpg,42
test_462.jpg,0
test_463.jpg,20
test_464.jpg,25
test_465.jpg,34
test_466.jpg,3
test_467.jpg,33
test_468.jpg,25
test_469.jpg,40
test_47.jpg,27
test_470.jpg,47
test_471.jpg,31
test_472.jpg,11
test_473.jpg,5
test_474.jpg,20
test_475.jpg,26
test_476.jpg,20
test_477.jpg,25
test_478.jpg,5
test_479.jpg,11
test_48.jpg,52
test_480.jpg,11
test_481.jpg,31
test_482.jpg,3
test_483.jpg,31
test_484.jpg,42
test_485.jpg,10
test_486.jpg,9
test_487.jpg,8
test_488.jpg,31
test_489.jpg,24
test_49.jpg,31
test_490.jpg,40
test_491.jpg,40
test_492.jpeg,25
test_493.jpg,13
test_494.jpg,5
test_495.jpg,12
test_496.jpg,21
test_497.jpg,24
test_498.jpg,6
test_499.jpg,31
test_5.jpg,20
test_50.jpg,0
test_500.jpg,11
test_501.jpg,45
test_502.jpg,21
test_503.jpg,30
test_504.jpg,1
test_505.jpg,52
test_506.jpg,22
test_507.jpg,39
test_508.jpg,31
test_509.jpg,17
test_51.jpg,31
test_510.jpg,34
test_511.jpg,11
test_512.jpg,40
test_513.jpg,26
test_514.jpg,13
test_515.jpg,31
test_516.jpg,33
test_517.jpg,31
test_518.jpg,52
test_519.jpg,10
test_52.jpg,42
test_520.jpg,31
test_521.jpg,34
test_522.jpg,31
test_523.jpg,25
test_524.jpg,5
test_525.jpg,10
test_526.jpg,10
test_527.jpg,46
test_528.jpg,24
test_529.jpg,7
test_53.jpg,2
test_530.jpg,18
test_531.jpg,30
test_532.jpg,47
test_533.jpg,3
test_534.jpg,13
test_535.jpeg,8
test_536.jpg,25
test_537.jpg,22
test_538.jpg,42
test_539.jpg,40
test_54.jpg,13
test_540.jpg,36
test_541.jpg,25
test_542.jpg,46
test_543.jpg,11
test_544.jpg,41
test_545.jpg,31
test_546.jpg,42
test_547.jpg,31
test_548.jpg,0
test_549.jpg,24
test_55.jpg,36
test_550.jpg,24
test_551.jpg,31
test_552.jpg,40
test_553.jpg,8
test_554.jpg,22
test_555.jpg,3
test_556.jpg,31
test_557.jpg,9
test_558.jpg,3
test_559.jpg,40
test_56.jpg,5
test_560.jpg,19
test_561.jpg,32
test_562.jpg,13
test_563.jpg,11
test_564.jpg,42
test_565.jpg,52
test_566.jpg,24
test_567.jpg,30
test_568.jpg,17
test_569.jpg,19
test_57.jpg,19
test_570.jpg,17
test_571.jpg,2
test_572.jpg,20
test_573.jpg,31
test_574.jpg,0
test_575.jpg,22
test_576.jpg,8
test_577.jpg,40
test_578.jpg,24
test_579.jpg,27
test_58.jpg,34
test_580.jpg,40
test_581.jpg,14
test_582.jpg,4
test_583.jpg,3
test_584.jpg,3
test_585.jpg,24
test_586.jpg,47
test_587.jpg,44
test_588.jpg,33
test_589.jpg,47
test_59.jpg,3
test_590.jpg,14
test_591.jpg,11
test_592.jpg,40
test_593.jpg,7
test_594.jpg,31
test_595.jpg,32
test_596.jpg,0
test_597.jpg,25
test_598.jpg,3
test_599.jpg,12
test_6.jpg,0
test_60.jpg,47
test_600.jpg,10
test_601.jpg,42
test_602.jpg,47
test_603.jpg,17
test_604.jpg,10
test_605.jpg,6
test_606.jpg,42
test_607.jpg,1
test_608.jpg,44
test_609.jpeg,27
test_61.jpg,40
test_610.jpg,44
test_611.jpg,40
test_612.jpg,30
test_613.jpg,44
test_614.jpg,22
test_615.jpg,4
test_616.jpg,32
test_617.jpg,40
test_618.jpg,22
test_619.jpg,1
test_62.jpg,0
test_620.jpg,8
test_621.jpg,17
test_622.jpg,0
test_623.jpg,25
test_624.jpg,28
test_625.jpg,13
test_626.jpg,31
test_627.jpg,8
test_628.jpg,27
test_629.jpg,0
test_63.jpg,8
test_630.jpg,42
test_631.jpg,20
test_632.jpg,24
test_633.jpg,16
test_634.jpg,8
test_635.jpg,12
test_636.jpg,31
test_637.jpg,22
test_638.jpg,42
test_639.jpg,33
test_64.jpg,3
test_640.jpg,8
test_641.jpg,25
test_642.jpg,24
test_643.jpg,31
test_644.jpg,47
test_645.jpg,53
test_646.jpg,24
test_647.jpg,0
test_648.jpg,31
test_649.jpg,30
test_65.jpeg,0
test_650.jpg,39
test_651.jpg,42
test_652.jpg,31
test_653.jpg,12
test_654.jpg,31
test_655.jpg,44
test_656.jpg,33
test_657.jpg,31
test_658.jpg,40
test_659.jpg,11
test_66.jpg,31
test_660.jpg,12
test_661.jpg,36
test_662.jpg,42
test_663.jpg,44
test_664.jpg,11
test_665.jpg,44
test_666.jpg,22
test_667.jpg,44
test_668.jpg,25
test_669.jpeg,27
test_67.jpg,50
test_670.jpg,31
test_671.jpg,42
test_672.jpg,41
test_673.jpg,41
test_674.jpg,3
test_675.jpg,31
test_676.jpg,11
test_677.jpg,10
test_678.jpg,42
test_679.jpg,33
test_68.jpg,2
test_680.jpg,11
test_681.jpg,31
test_682.jpg,32
test_683.jpg,25
test_684.jpg,43
test_685.jpg,52
test_686.jpg,25
test_687.jpg,27
test_688.jpg,44
test_689.jpg,42
test_69.jpg,20
test_690.jpg,34
test_691.jpg,1
test_692.jpg,1
test_693.jpg,40
test_694.jpg,2
test_695.jpg,31
test_696.jpg,11
test_697.jpg,31
test_698.jpg,31
test_699.jpg,5
test_7.jpg,21
test_70.jpg,52
test_700.jpg,9
test_701.jpg,40
test_702.jpg,44
test_703.jpg,8
test_704.jpg,31
test_705.jpg,8
test_706.jpg,13
test_707.jpg,11
test_708.jpg,52
test_709.jpg,31
test_71.jpg,12
test_710.jpg,31
test_711.jpg,3
test_712.jpg,40
test_713.jpg,27
test_714.jpg,52
test_715.jpg,41
test_716.jpg,51
test_717.jpg,52
test_718.jpg,12
test_719.jpg,31
test_72.jpg,13
test_720.jpg,24
test_721.jpg,24
test_722.jpg,24
test_723.jpg,32
test_724.jpg,17
test_725.jpg,1
test_726.jpg,47
test_727.jpg,17
test_728.jpg,31
test_729.jpg,0
test_73.jpg,44
test_730.jpg,24
test_731.jpg,45
test_732.jpg,0
test_733.jpg,31
test_734.jpg,31
test_735.jpg,2
test_736.jpg,21
test_737.jpg,44
test_738.jpg,22
test_739.jpg,30
test_74.jpg,0
test_740.jpg,43
test_741.jpg,52
test_742.jpg,22
test_743.jpeg,17
test_744.jpg,14
test_745.jpg,1
test_746.jpg,42
test_747.jpg,11
test_748.jpg,20
test_749.jpg,41
test_75.jpg,8
test_750.jpg,44
test_751.jpg,36
test_752.jpg,10
test_753.jpg,8
test_754.jpg,24
test_755.jpg,31
test_756.jpg,33
test_757.jpg,13
test_758.jpg,26
test_759.jpg,12
test_76.jpg,9
test_760.jpg,17
test_761.jpg,40
test_762.jpg,8
test_763.jpg,47
test_764.jpg,31
test_765.jpg,17
test_766.jpg,14
test_767.jpg,13
test_768.jpg,12
test_769.jpg,8
test_77.jpg,13
test_770.jpg,0
test_771.jpg,48
test_772.jpg,35
test_773.jpg,8
test_774.jpg,3
test_775.jpg,37
test_776.jpg,7
test_777.jpg,11
test_778.jpg,5
test_779.jpg,26
test_78.jpg,21
test_780.jpg,52
test_781.jpg,3
test_782.jpg,8
test_783.jpg,33
test_784.jpg,31
test_785.jpg,24
test_786.jpg,8
test_787.jpg,9
test_788.jpg,26
test_789.jpg,42
test_79.jpg,30
test_790.jpg,8
test_791.jpg,40
test_792.jpg,21
test_793.jpg,8
test_794.jpg,8
test_795.jpg,26
test_796.jpg,21
test_797.jpg,30
test_798.jpg,44
test_799.jpg,8
test_8.jpg,21
test_80.jpg,3
test_800.jpeg,8
test_801.jpg,13
test_802.jpg,47
test_803.jpg,21
test_804.jpg,1
test_805.jpg,31
test_806.jpg,44
test_807.jpg,39
test_808.jpg,22
test_809.jpg,21
test_81.jpg,3
test_810.jpg,2
test_811.jpg,7
test_812.jpg,25
test_813.jpg,0
test_814.jpg,44
test_815.jpg,8
test_816.jpg,0
test_817.jpg,46
test_818.jpg,3
test_819.jpg,14
test_82.jpg,17
test_820.jpg,7
test_821.jpg,17
test_822.jpg,47
test_823.jpg,27
test_824.jpg,40
test_825.jpg,21
test_826.jpg,3
test_827.jpg,31
test_828.jpg,20
test_829.jpg,20
test_83.jpg,52
test_830.jpg,13
test_831.jpg,25
test_832.jpg,22
test_833.jpg,41
test_834.jpg,52
test_835.jpg,8
test_836.jpg,48
test_837.jpg,0
test_838.jpg,17
test_839.jpg,25
test_84.jpg,42
test_840.jpg,9
test_841.jpg,40
test_842.jpg,27
test_843.jpg,8
test_844.jpg,7
test_845.jpg,0
test_846.jpg,21
test_847.jpg,7
test_848.jpg,41
test_849.jpg,46
test_85.jpg,1
test_850.jpg,41
test_851.jpg,8
test_852.jpg,27
test_853.jpg,42
test_854.jpg,14
test_855.jpg,24
test_856.jpg,1
test_857.jpg,8
test_858.jpg,25
test_859.jpg,52
test_86.jpg,31
test_860.jpg,42
test_861.jpg,31
test_862.jpg,12
test_863.jpg,8
test_864.jpg,8
test_865.jpg,3
test_866.jpg,24
test_867.jpg,33
test_868.jpg,52
test_869.jpg,17
test_87.jpg,40
test_870.jpg,8
test_871.jpg,8
test_872.jpg,42
test_873.jpg,33
test_874.jpg,47
test_875.jpg,44
test_876.jpg,28
test_877.jpg,14
test_878.jpg,25
test_879.jpg,11
test_88.jpg,36
test_880.jpg,27
test_881.jpg,8
test_882.jpg,22
test_883.jpg,44
test_884.jpg,22
test_885.jpg,8
test_886.jpg,3
test_887.jpg,52
test_888.jpg,3
test_889.jpg,33
test_89.jpg,44
test_890.jpg,40
test_891.jpg,31
test_892.jpg,21
test_893.jpg,24
test_894.jpg,42
test_895.jpg,36
test_896.jpg,8
test_897.jpg,13
test_898.jpg,21
test_899.jpg,0
test_9.jpg,0
test_90.jpg,14
test_900.jpg,3
test_901.jpg,11
test_902.jpg,0
test_903.jpg,32
test_904.jpg,1
test_905.jpg,7
test_906.jpg,8
test_907.jpg,24
test_908.jpg,14
test_909.jpeg,25
test_91.jpg,39
test_910.jpg,12
test_911.jpg,23
test_912.jpg,13
test_913.jpg,25
test_914.jpg,9
test_915.jpg,8
test_916.jpg,47
test_917.jpg,24
test_918.jpg,11
test_919.jpg,0
test_92.jpg,47
test_920.jpg,44
test_921.jpg,47
test_922.jpg,1
test_923.jpg,31
test_924.jpg,11
test_925.jpg,2
test_926.jpg,25
test_927.jpg,44
test_928.jpg,9
test_929.jpg,33
test_93.jpg,7
test_930.jpg,24
test_931.jpg,52
test_932.jpg,42
test_933.jpg,1
test_934.jpg,31
test_935.jpg,8
test_936.jpg,12
test_937.jpg,27
test_938.jpg,24
test_939.jpg,8
test_94.jpg,7
test_940.jpg,44
test_941.jpg,52
test_942.jpg,25
test_943.jpg,9
test_944.jpg,11
test_945.jpg,47
test_946.jpg,11
test_947.jpg,3
test_948.jpg,52
test_949.jpg,0
test_95.jpg,6
test_950.jpg,13
test_951.jpg,13
test_952.jpg,39
test_953.jpg,20
test_954.jpg,44
test_955.jpeg,24
test_956.jpg,29
test_957.jpg,44
test_958.jpg,24
test_959.jpg,3
test_96.jpg,20
test_960.jpg,8
test_961.jpg,52
test_962.jpg,21
test_963.jpg,41
test_964.jpg,25
test_965.jpg,0
test_966.jpg,20
test_967.jpg,27
test_968.jpg,4
test_969.jpg,44
test_97.jpg,52
test_970.jpg,0
test_971.jpg,5
test_972.jpg,42
test_973.jpg,44
test_974.jpg,24
test_975.jpg,0
test_976.jpg,25
test_977.jpg,14
test_978.jpg,0
test_979.jpg,8
test_98.jpg,27
test_980.jpg,3
test_981.jpg,24
test_982.jpg,31
test_983.jpg,21
test_984.jpg,31
test_985.jpg,19
test_986.jpg,42
test_987.jpg,38
test_988.jpg,47
test_989.jpg,2
test_99.jpg,40
test_990.jpg,31
test_991.jpg,7
test_992.jpg,41
test_993.jpg,23
test_994.jpg,24
test_995.jpg,27
test_996.jpg,42
test_997.jpg,3
test_998.jpg,40
test_999.jpg,40
